Date_id,Dates,Days,Months,Monthnames,Years,Quarters,Semesters,Weekdays
20110101,2011/01/01,1,1,Janeiro,2011,Q1,H1,Sábado
20110102,2011/02/01,2,1,Janeiro,2011,Q1,H1,Domingo
20110103,2011/03/01,3,1,Janeiro,2011,Q1,H1,Segunda
20110104,2011/04/01,4,1,Janeiro,2011,Q1,H1,Terça
20110105,2011/05/01,5,1,Janeiro,2011,Q1,H1,Quarta
20110106,2011/06/01,6,1,Janeiro,2011,Q1,H1,Quinta
20110107,2011/07/01,7,1,Janeiro,2011,Q1,H1,Sexta
20110108,2011/08/01,8,1,Janeiro,2011,Q1,H1,Sábado
20110109,2011/09/01,9,1,Janeiro,2011,Q1,H1,Domingo
20110110,2011/10/01,10,1,Janeiro,2011,Q1,H1,Segunda
20110111,2011/11/01,11,1,Janeiro,2011,Q1,H1,Terça
20110112,2011/12/01,12,1,Janeiro,2011,Q1,H1,Quarta
20110113,2011/13/01,13,1,Janeiro,2011,Q1,H1,Quinta
20110114,2011/14/01,14,1,Janeiro,2011,Q1,H1,Sexta
20110115,2011/15/01,15,1,Janeiro,2011,Q1,H1,Sábado
20110116,2011/16/01,16,1,Janeiro,2011,Q1,H1,Domingo
20110117,2011/17/01,17,1,Janeiro,2011,Q1,H1,Segunda
20110118,2011/18/01,18,1,Janeiro,2011,Q1,H1,Terça
20110119,2011/19/01,19,1,Janeiro,2011,Q1,H1,Quarta
20110120,2011/20/01,20,1,Janeiro,2011,Q1,H1,Quinta
20110121,2011/21/01,21,1,Janeiro,2011,Q1,H1,Sexta
20110122,2011/22/01,22,1,Janeiro,2011,Q1,H1,Sábado
20110123,2011/23/01,23,1,Janeiro,2011,Q1,H1,Domingo
20110124,2011/24/01,24,1,Janeiro,2011,Q1,H1,Segunda
20110125,2011/25/01,25,1,Janeiro,2011,Q1,H1,Terça
20110126,2011/26/01,26,1,Janeiro,2011,Q1,H1,Quarta
20110127,2011/27/01,27,1,Janeiro,2011,Q1,H1,Quinta
20110128,2011/28/01,28,1,Janeiro,2011,Q1,H1,Sexta
20110129,2011/29/01,29,1,Janeiro,2011,Q1,H1,Sábado
20110130,2011/30/01,30,1,Janeiro,2011,Q1,H1,Domingo
20110131,2011/31/01,31,1,Janeiro,2011,Q1,H1,Segunda
20110201,2011/01/02,1,2,Fevereiro,2011,Q1,H1,Terça
20110202,2011/02/02,2,2,Fevereiro,2011,Q1,H1,Quarta
20110203,2011/03/02,3,2,Fevereiro,2011,Q1,H1,Quinta
20110204,2011/04/02,4,2,Fevereiro,2011,Q1,H1,Sexta
20110205,2011/05/02,5,2,Fevereiro,2011,Q1,H1,Sábado
20110206,2011/06/02,6,2,Fevereiro,2011,Q1,H1,Domingo
20110207,2011/07/02,7,2,Fevereiro,2011,Q1,H1,Segunda
20110208,2011/08/02,8,2,Fevereiro,2011,Q1,H1,Terça
20110209,2011/09/02,9,2,Fevereiro,2011,Q1,H1,Quarta
20110210,2011/10/02,10,2,Fevereiro,2011,Q1,H1,Quinta
20110211,2011/11/02,11,2,Fevereiro,2011,Q1,H1,Sexta
20110212,2011/12/02,12,2,Fevereiro,2011,Q1,H1,Sábado
20110213,2011/13/02,13,2,Fevereiro,2011,Q1,H1,Domingo
20110214,2011/14/02,14,2,Fevereiro,2011,Q1,H1,Segunda
20110215,2011/15/02,15,2,Fevereiro,2011,Q1,H1,Terça
20110216,2011/16/02,16,2,Fevereiro,2011,Q1,H1,Quarta
20110217,2011/17/02,17,2,Fevereiro,2011,Q1,H1,Quinta
20110218,2011/18/02,18,2,Fevereiro,2011,Q1,H1,Sexta
20110219,2011/19/02,19,2,Fevereiro,2011,Q1,H1,Sábado
20110220,2011/20/02,20,2,Fevereiro,2011,Q1,H1,Domingo
20110221,2011/21/02,21,2,Fevereiro,2011,Q1,H1,Segunda
20110222,2011/22/02,22,2,Fevereiro,2011,Q1,H1,Terça
20110223,2011/23/02,23,2,Fevereiro,2011,Q1,H1,Quarta
20110224,2011/24/02,24,2,Fevereiro,2011,Q1,H1,Quinta
20110225,2011/25/02,25,2,Fevereiro,2011,Q1,H1,Sexta
20110226,2011/26/02,26,2,Fevereiro,2011,Q1,H1,Sábado
20110227,2011/27/02,27,2,Fevereiro,2011,Q1,H1,Domingo
20110228,2011/28/02,28,2,Fevereiro,2011,Q1,H1,Segunda
20110301,2011/01/03,1,3,Março,2011,Q1,H1,Terça
20110302,2011/02/03,2,3,Março,2011,Q1,H1,Quarta
20110303,2011/03/03,3,3,Março,2011,Q1,H1,Quinta
20110304,2011/04/03,4,3,Março,2011,Q1,H1,Sexta
20110305,2011/05/03,5,3,Março,2011,Q1,H1,Sábado
20110306,2011/06/03,6,3,Março,2011,Q1,H1,Domingo
20110307,2011/07/03,7,3,Março,2011,Q1,H1,Segunda
20110308,2011/08/03,8,3,Março,2011,Q1,H1,Terça
20110309,2011/09/03,9,3,Março,2011,Q1,H1,Quarta
20110310,2011/10/03,10,3,Março,2011,Q1,H1,Quinta
20110311,2011/11/03,11,3,Março,2011,Q1,H1,Sexta
20110312,2011/12/03,12,3,Março,2011,Q1,H1,Sábado
20110313,2011/13/03,13,3,Março,2011,Q1,H1,Domingo
20110314,2011/14/03,14,3,Março,2011,Q1,H1,Segunda
20110315,2011/15/03,15,3,Março,2011,Q1,H1,Terça
20110316,2011/16/03,16,3,Março,2011,Q1,H1,Quarta
20110317,2011/17/03,17,3,Março,2011,Q1,H1,Quinta
20110318,2011/18/03,18,3,Março,2011,Q1,H1,Sexta
20110319,2011/19/03,19,3,Março,2011,Q1,H1,Sábado
20110320,2011/20/03,20,3,Março,2011,Q1,H1,Domingo
20110321,2011/21/03,21,3,Março,2011,Q1,H1,Segunda
20110322,2011/22/03,22,3,Março,2011,Q1,H1,Terça
20110323,2011/23/03,23,3,Março,2011,Q1,H1,Quarta
20110324,2011/24/03,24,3,Março,2011,Q1,H1,Quinta
20110325,2011/25/03,25,3,Março,2011,Q1,H1,Sexta
20110326,2011/26/03,26,3,Março,2011,Q1,H1,Sábado
20110327,2011/27/03,27,3,Março,2011,Q1,H1,Domingo
20110328,2011/28/03,28,3,Março,2011,Q1,H1,Segunda
20110329,2011/29/03,29,3,Março,2011,Q1,H1,Terça
20110330,2011/30/03,30,3,Março,2011,Q1,H1,Quarta
20110331,2011/31/03,31,3,Março,2011,Q1,H1,Quinta
20110401,2011/01/04,1,4,Abril,2011,Q2,H1,Sexta
20110402,2011/02/04,2,4,Abril,2011,Q2,H1,Sábado
20110403,2011/03/04,3,4,Abril,2011,Q2,H1,Domingo
20110404,2011/04/04,4,4,Abril,2011,Q2,H1,Segunda
20110405,2011/05/04,5,4,Abril,2011,Q2,H1,Terça
20110406,2011/06/04,6,4,Abril,2011,Q2,H1,Quarta
20110407,2011/07/04,7,4,Abril,2011,Q2,H1,Quinta
20110408,2011/08/04,8,4,Abril,2011,Q2,H1,Sexta
20110409,2011/09/04,9,4,Abril,2011,Q2,H1,Sábado
20110410,2011/10/04,10,4,Abril,2011,Q2,H1,Domingo
20110411,2011/11/04,11,4,Abril,2011,Q2,H1,Segunda
20110412,2011/12/04,12,4,Abril,2011,Q2,H1,Terça
20110413,2011/13/04,13,4,Abril,2011,Q2,H1,Quarta
20110414,2011/14/04,14,4,Abril,2011,Q2,H1,Quinta
20110415,2011/15/04,15,4,Abril,2011,Q2,H1,Sexta
20110416,2011/16/04,16,4,Abril,2011,Q2,H1,Sábado
20110417,2011/17/04,17,4,Abril,2011,Q2,H1,Domingo
20110418,2011/18/04,18,4,Abril,2011,Q2,H1,Segunda
20110419,2011/19/04,19,4,Abril,2011,Q2,H1,Terça
20110420,2011/20/04,20,4,Abril,2011,Q2,H1,Quarta
20110421,2011/21/04,21,4,Abril,2011,Q2,H1,Quinta
20110422,2011/22/04,22,4,Abril,2011,Q2,H1,Sexta
20110423,2011/23/04,23,4,Abril,2011,Q2,H1,Sábado
20110424,2011/24/04,24,4,Abril,2011,Q2,H1,Domingo
20110425,2011/25/04,25,4,Abril,2011,Q2,H1,Segunda
20110426,2011/26/04,26,4,Abril,2011,Q2,H1,Terça
20110427,2011/27/04,27,4,Abril,2011,Q2,H1,Quarta
20110428,2011/28/04,28,4,Abril,2011,Q2,H1,Quinta
20110429,2011/29/04,29,4,Abril,2011,Q2,H1,Sexta
20110430,2011/30/04,30,4,Abril,2011,Q2,H1,Sábado
20110501,2011/01/05,1,5,Maio,2011,Q2,H1,Domingo
20110502,2011/02/05,2,5,Maio,2011,Q2,H1,Segunda
20110503,2011/03/05,3,5,Maio,2011,Q2,H1,Terça
20110504,2011/04/05,4,5,Maio,2011,Q2,H1,Quarta
20110505,2011/05/05,5,5,Maio,2011,Q2,H1,Quinta
20110506,2011/06/05,6,5,Maio,2011,Q2,H1,Sexta
20110507,2011/07/05,7,5,Maio,2011,Q2,H1,Sábado
20110508,2011/08/05,8,5,Maio,2011,Q2,H1,Domingo
20110509,2011/09/05,9,5,Maio,2011,Q2,H1,Segunda
20110510,2011/10/05,10,5,Maio,2011,Q2,H1,Terça
20110511,2011/11/05,11,5,Maio,2011,Q2,H1,Quarta
20110512,2011/12/05,12,5,Maio,2011,Q2,H1,Quinta
20110513,2011/13/05,13,5,Maio,2011,Q2,H1,Sexta
20110514,2011/14/05,14,5,Maio,2011,Q2,H1,Sábado
20110515,2011/15/05,15,5,Maio,2011,Q2,H1,Domingo
20110516,2011/16/05,16,5,Maio,2011,Q2,H1,Segunda
20110517,2011/17/05,17,5,Maio,2011,Q2,H1,Terça
20110518,2011/18/05,18,5,Maio,2011,Q2,H1,Quarta
20110519,2011/19/05,19,5,Maio,2011,Q2,H1,Quinta
20110520,2011/20/05,20,5,Maio,2011,Q2,H1,Sexta
20110521,2011/21/05,21,5,Maio,2011,Q2,H1,Sábado
20110522,2011/22/05,22,5,Maio,2011,Q2,H1,Domingo
20110523,2011/23/05,23,5,Maio,2011,Q2,H1,Segunda
20110524,2011/24/05,24,5,Maio,2011,Q2,H1,Terça
20110525,2011/25/05,25,5,Maio,2011,Q2,H1,Quarta
20110526,2011/26/05,26,5,Maio,2011,Q2,H1,Quinta
20110527,2011/27/05,27,5,Maio,2011,Q2,H1,Sexta
20110528,2011/28/05,28,5,Maio,2011,Q2,H1,Sábado
20110529,2011/29/05,29,5,Maio,2011,Q2,H1,Domingo
20110530,2011/30/05,30,5,Maio,2011,Q2,H1,Segunda
20110531,2011/31/05,31,5,Maio,2011,Q2,H1,Terça
20110601,2011/01/06,1,6,Junho,2011,Q2,H1,Quarta
20110602,2011/02/06,2,6,Junho,2011,Q2,H1,Quinta
20110603,2011/03/06,3,6,Junho,2011,Q2,H1,Sexta
20110604,2011/04/06,4,6,Junho,2011,Q2,H1,Sábado
20110605,2011/05/06,5,6,Junho,2011,Q2,H1,Domingo
20110606,2011/06/06,6,6,Junho,2011,Q2,H1,Segunda
20110607,2011/07/06,7,6,Junho,2011,Q2,H1,Terça
20110608,2011/08/06,8,6,Junho,2011,Q2,H1,Quarta
20110609,2011/09/06,9,6,Junho,2011,Q2,H1,Quinta
20110610,2011/10/06,10,6,Junho,2011,Q2,H1,Sexta
20110611,2011/11/06,11,6,Junho,2011,Q2,H1,Sábado
20110612,2011/12/06,12,6,Junho,2011,Q2,H1,Domingo
20110613,2011/13/06,13,6,Junho,2011,Q2,H1,Segunda
20110614,2011/14/06,14,6,Junho,2011,Q2,H1,Terça
20110615,2011/15/06,15,6,Junho,2011,Q2,H1,Quarta
20110616,2011/16/06,16,6,Junho,2011,Q2,H1,Quinta
20110617,2011/17/06,17,6,Junho,2011,Q2,H1,Sexta
20110618,2011/18/06,18,6,Junho,2011,Q2,H1,Sábado
20110619,2011/19/06,19,6,Junho,2011,Q2,H1,Domingo
20110620,2011/20/06,20,6,Junho,2011,Q2,H1,Segunda
20110621,2011/21/06,21,6,Junho,2011,Q2,H1,Terça
20110622,2011/22/06,22,6,Junho,2011,Q2,H1,Quarta
20110623,2011/23/06,23,6,Junho,2011,Q2,H1,Quinta
20110624,2011/24/06,24,6,Junho,2011,Q2,H1,Sexta
20110625,2011/25/06,25,6,Junho,2011,Q2,H1,Sábado
20110626,2011/26/06,26,6,Junho,2011,Q2,H1,Domingo
20110627,2011/27/06,27,6,Junho,2011,Q2,H1,Segunda
20110628,2011/28/06,28,6,Junho,2011,Q2,H1,Terça
20110629,2011/29/06,29,6,Junho,2011,Q2,H1,Quarta
20110630,2011/30/06,30,6,Junho,2011,Q2,H1,Quinta
20110701,2011/01/07,1,7,Julho,2011,Q3,H2,Sexta
20110702,2011/02/07,2,7,Julho,2011,Q3,H2,Sábado
20110703,2011/03/07,3,7,Julho,2011,Q3,H2,Domingo
20110704,2011/04/07,4,7,Julho,2011,Q3,H2,Segunda
20110705,2011/05/07,5,7,Julho,2011,Q3,H2,Terça
20110706,2011/06/07,6,7,Julho,2011,Q3,H2,Quarta
20110707,2011/07/07,7,7,Julho,2011,Q3,H2,Quinta
20110708,2011/08/07,8,7,Julho,2011,Q3,H2,Sexta
20110709,2011/09/07,9,7,Julho,2011,Q3,H2,Sábado
20110710,2011/10/07,10,7,Julho,2011,Q3,H2,Domingo
20110711,2011/11/07,11,7,Julho,2011,Q3,H2,Segunda
20110712,2011/12/07,12,7,Julho,2011,Q3,H2,Terça
20110713,2011/13/07,13,7,Julho,2011,Q3,H2,Quarta
20110714,2011/14/07,14,7,Julho,2011,Q3,H2,Quinta
20110715,2011/15/07,15,7,Julho,2011,Q3,H2,Sexta
20110716,2011/16/07,16,7,Julho,2011,Q3,H2,Sábado
20110717,2011/17/07,17,7,Julho,2011,Q3,H2,Domingo
20110718,2011/18/07,18,7,Julho,2011,Q3,H2,Segunda
20110719,2011/19/07,19,7,Julho,2011,Q3,H2,Terça
20110720,2011/20/07,20,7,Julho,2011,Q3,H2,Quarta
20110721,2011/21/07,21,7,Julho,2011,Q3,H2,Quinta
20110722,2011/22/07,22,7,Julho,2011,Q3,H2,Sexta
20110723,2011/23/07,23,7,Julho,2011,Q3,H2,Sábado
20110724,2011/24/07,24,7,Julho,2011,Q3,H2,Domingo
20110725,2011/25/07,25,7,Julho,2011,Q3,H2,Segunda
20110726,2011/26/07,26,7,Julho,2011,Q3,H2,Terça
20110727,2011/27/07,27,7,Julho,2011,Q3,H2,Quarta
20110728,2011/28/07,28,7,Julho,2011,Q3,H2,Quinta
20110729,2011/29/07,29,7,Julho,2011,Q3,H2,Sexta
20110730,2011/30/07,30,7,Julho,2011,Q3,H2,Sábado
20110731,2011/31/07,31,7,Julho,2011,Q3,H2,Domingo
20110801,2011/01/08,1,8,Agosto,2011,Q3,H2,Segunda
20110802,2011/02/08,2,8,Agosto,2011,Q3,H2,Terça
20110803,2011/03/08,3,8,Agosto,2011,Q3,H2,Quarta
20110804,2011/04/08,4,8,Agosto,2011,Q3,H2,Quinta
20110805,2011/05/08,5,8,Agosto,2011,Q3,H2,Sexta
20110806,2011/06/08,6,8,Agosto,2011,Q3,H2,Sábado
20110807,2011/07/08,7,8,Agosto,2011,Q3,H2,Domingo
20110808,2011/08/08,8,8,Agosto,2011,Q3,H2,Segunda
20110809,2011/09/08,9,8,Agosto,2011,Q3,H2,Terça
20110810,2011/10/08,10,8,Agosto,2011,Q3,H2,Quarta
20110811,2011/11/08,11,8,Agosto,2011,Q3,H2,Quinta
20110812,2011/12/08,12,8,Agosto,2011,Q3,H2,Sexta
20110813,2011/13/08,13,8,Agosto,2011,Q3,H2,Sábado
20110814,2011/14/08,14,8,Agosto,2011,Q3,H2,Domingo
20110815,2011/15/08,15,8,Agosto,2011,Q3,H2,Segunda
20110816,2011/16/08,16,8,Agosto,2011,Q3,H2,Terça
20110817,2011/17/08,17,8,Agosto,2011,Q3,H2,Quarta
20110818,2011/18/08,18,8,Agosto,2011,Q3,H2,Quinta
20110819,2011/19/08,19,8,Agosto,2011,Q3,H2,Sexta
20110820,2011/20/08,20,8,Agosto,2011,Q3,H2,Sábado
20110821,2011/21/08,21,8,Agosto,2011,Q3,H2,Domingo
20110822,2011/22/08,22,8,Agosto,2011,Q3,H2,Segunda
20110823,2011/23/08,23,8,Agosto,2011,Q3,H2,Terça
20110824,2011/24/08,24,8,Agosto,2011,Q3,H2,Quarta
20110825,2011/25/08,25,8,Agosto,2011,Q3,H2,Quinta
20110826,2011/26/08,26,8,Agosto,2011,Q3,H2,Sexta
20110827,2011/27/08,27,8,Agosto,2011,Q3,H2,Sábado
20110828,2011/28/08,28,8,Agosto,2011,Q3,H2,Domingo
20110829,2011/29/08,29,8,Agosto,2011,Q3,H2,Segunda
20110830,2011/30/08,30,8,Agosto,2011,Q3,H2,Terça
20110831,2011/31/08,31,8,Agosto,2011,Q3,H2,Quarta
20110901,2011/01/09,1,9,Setembro,2011,Q3,H2,Quinta
20110902,2011/02/09,2,9,Setembro,2011,Q3,H2,Sexta
20110903,2011/03/09,3,9,Setembro,2011,Q3,H2,Sábado
20110904,2011/04/09,4,9,Setembro,2011,Q3,H2,Domingo
20110905,2011/05/09,5,9,Setembro,2011,Q3,H2,Segunda
20110906,2011/06/09,6,9,Setembro,2011,Q3,H2,Terça
20110907,2011/07/09,7,9,Setembro,2011,Q3,H2,Quarta
20110908,2011/08/09,8,9,Setembro,2011,Q3,H2,Quinta
20110909,2011/09/09,9,9,Setembro,2011,Q3,H2,Sexta
20110910,2011/10/09,10,9,Setembro,2011,Q3,H2,Sábado
20110911,2011/11/09,11,9,Setembro,2011,Q3,H2,Domingo
20110912,2011/12/09,12,9,Setembro,2011,Q3,H2,Segunda
20110913,2011/13/09,13,9,Setembro,2011,Q3,H2,Terça
20110914,2011/14/09,14,9,Setembro,2011,Q3,H2,Quarta
20110915,2011/15/09,15,9,Setembro,2011,Q3,H2,Quinta
20110916,2011/16/09,16,9,Setembro,2011,Q3,H2,Sexta
20110917,2011/17/09,17,9,Setembro,2011,Q3,H2,Sábado
20110918,2011/18/09,18,9,Setembro,2011,Q3,H2,Domingo
20110919,2011/19/09,19,9,Setembro,2011,Q3,H2,Segunda
20110920,2011/20/09,20,9,Setembro,2011,Q3,H2,Terça
20110921,2011/21/09,21,9,Setembro,2011,Q3,H2,Quarta
20110922,2011/22/09,22,9,Setembro,2011,Q3,H2,Quinta
20110923,2011/23/09,23,9,Setembro,2011,Q3,H2,Sexta
20110924,2011/24/09,24,9,Setembro,2011,Q3,H2,Sábado
20110925,2011/25/09,25,9,Setembro,2011,Q3,H2,Domingo
20110926,2011/26/09,26,9,Setembro,2011,Q3,H2,Segunda
20110927,2011/27/09,27,9,Setembro,2011,Q3,H2,Terça
20110928,2011/28/09,28,9,Setembro,2011,Q3,H2,Quarta
20110929,2011/29/09,29,9,Setembro,2011,Q3,H2,Quinta
20110930,2011/30/09,30,9,Setembro,2011,Q3,H2,Sexta
20111001,2011/01/10,1,10,Outubro,2011,Q4,H2,Sábado
20111002,2011/02/10,2,10,Outubro,2011,Q4,H2,Domingo
20111003,2011/03/10,3,10,Outubro,2011,Q4,H2,Segunda
20111004,2011/04/10,4,10,Outubro,2011,Q4,H2,Terça
20111005,2011/05/10,5,10,Outubro,2011,Q4,H2,Quarta
20111006,2011/06/10,6,10,Outubro,2011,Q4,H2,Quinta
20111007,2011/07/10,7,10,Outubro,2011,Q4,H2,Sexta
20111008,2011/08/10,8,10,Outubro,2011,Q4,H2,Sábado
20111009,2011/09/10,9,10,Outubro,2011,Q4,H2,Domingo
20111010,2011/10/10,10,10,Outubro,2011,Q4,H2,Segunda
20111011,2011/11/10,11,10,Outubro,2011,Q4,H2,Terça
20111012,2011/12/10,12,10,Outubro,2011,Q4,H2,Quarta
20111013,2011/13/10,13,10,Outubro,2011,Q4,H2,Quinta
20111014,2011/14/10,14,10,Outubro,2011,Q4,H2,Sexta
20111015,2011/15/10,15,10,Outubro,2011,Q4,H2,Sábado
20111016,2011/16/10,16,10,Outubro,2011,Q4,H2,Domingo
20111017,2011/17/10,17,10,Outubro,2011,Q4,H2,Segunda
20111018,2011/18/10,18,10,Outubro,2011,Q4,H2,Terça
20111019,2011/19/10,19,10,Outubro,2011,Q4,H2,Quarta
20111020,2011/20/10,20,10,Outubro,2011,Q4,H2,Quinta
20111021,2011/21/10,21,10,Outubro,2011,Q4,H2,Sexta
20111022,2011/22/10,22,10,Outubro,2011,Q4,H2,Sábado
20111023,2011/23/10,23,10,Outubro,2011,Q4,H2,Domingo
20111024,2011/24/10,24,10,Outubro,2011,Q4,H2,Segunda
20111025,2011/25/10,25,10,Outubro,2011,Q4,H2,Terça
20111026,2011/26/10,26,10,Outubro,2011,Q4,H2,Quarta
20111027,2011/27/10,27,10,Outubro,2011,Q4,H2,Quinta
20111028,2011/28/10,28,10,Outubro,2011,Q4,H2,Sexta
20111029,2011/29/10,29,10,Outubro,2011,Q4,H2,Sábado
20111030,2011/30/10,30,10,Outubro,2011,Q4,H2,Domingo
20111031,2011/31/10,31,10,Outubro,2011,Q4,H2,Segunda
20111101,2011/01/11,1,11,Novembro,2011,Q4,H2,Terça
20111102,2011/02/11,2,11,Novembro,2011,Q4,H2,Quarta
20111103,2011/03/11,3,11,Novembro,2011,Q4,H2,Quinta
20111104,2011/04/11,4,11,Novembro,2011,Q4,H2,Sexta
20111105,2011/05/11,5,11,Novembro,2011,Q4,H2,Sábado
20111106,2011/06/11,6,11,Novembro,2011,Q4,H2,Domingo
20111107,2011/07/11,7,11,Novembro,2011,Q4,H2,Segunda
20111108,2011/08/11,8,11,Novembro,2011,Q4,H2,Terça
20111109,2011/09/11,9,11,Novembro,2011,Q4,H2,Quarta
20111110,2011/10/11,10,11,Novembro,2011,Q4,H2,Quinta
20111111,2011/11/11,11,11,Novembro,2011,Q4,H2,Sexta
20111112,2011/12/11,12,11,Novembro,2011,Q4,H2,Sábado
20111113,2011/13/11,13,11,Novembro,2011,Q4,H2,Domingo
20111114,2011/14/11,14,11,Novembro,2011,Q4,H2,Segunda
20111115,2011/15/11,15,11,Novembro,2011,Q4,H2,Terça
20111116,2011/16/11,16,11,Novembro,2011,Q4,H2,Quarta
20111117,2011/17/11,17,11,Novembro,2011,Q4,H2,Quinta
20111118,2011/18/11,18,11,Novembro,2011,Q4,H2,Sexta
20111119,2011/19/11,19,11,Novembro,2011,Q4,H2,Sábado
20111120,2011/20/11,20,11,Novembro,2011,Q4,H2,Domingo
20111121,2011/21/11,21,11,Novembro,2011,Q4,H2,Segunda
20111122,2011/22/11,22,11,Novembro,2011,Q4,H2,Terça
20111123,2011/23/11,23,11,Novembro,2011,Q4,H2,Quarta
20111124,2011/24/11,24,11,Novembro,2011,Q4,H2,Quinta
20111125,2011/25/11,25,11,Novembro,2011,Q4,H2,Sexta
20111126,2011/26/11,26,11,Novembro,2011,Q4,H2,Sábado
20111127,2011/27/11,27,11,Novembro,2011,Q4,H2,Domingo
20111128,2011/28/11,28,11,Novembro,2011,Q4,H2,Segunda
20111129,2011/29/11,29,11,Novembro,2011,Q4,H2,Terça
20111130,2011/30/11,30,11,Novembro,2011,Q4,H2,Quarta
20111201,2011/01/12,1,12,Dezembro,2011,Q4,H2,Quinta
20111202,2011/02/12,2,12,Dezembro,2011,Q4,H2,Sexta
20111203,2011/03/12,3,12,Dezembro,2011,Q4,H2,Sábado
20111204,2011/04/12,4,12,Dezembro,2011,Q4,H2,Domingo
20111205,2011/05/12,5,12,Dezembro,2011,Q4,H2,Segunda
20111206,2011/06/12,6,12,Dezembro,2011,Q4,H2,Terça
20111207,2011/07/12,7,12,Dezembro,2011,Q4,H2,Quarta
20111208,2011/08/12,8,12,Dezembro,2011,Q4,H2,Quinta
20111209,2011/09/12,9,12,Dezembro,2011,Q4,H2,Sexta
20111210,2011/10/12,10,12,Dezembro,2011,Q4,H2,Sábado
20111211,2011/11/12,11,12,Dezembro,2011,Q4,H2,Domingo
20111212,2011/12/12,12,12,Dezembro,2011,Q4,H2,Segunda
20111213,2011/13/12,13,12,Dezembro,2011,Q4,H2,Terça
20111214,2011/14/12,14,12,Dezembro,2011,Q4,H2,Quarta
20111215,2011/15/12,15,12,Dezembro,2011,Q4,H2,Quinta
20111216,2011/16/12,16,12,Dezembro,2011,Q4,H2,Sexta
20111217,2011/17/12,17,12,Dezembro,2011,Q4,H2,Sábado
20111218,2011/18/12,18,12,Dezembro,2011,Q4,H2,Domingo
20111219,2011/19/12,19,12,Dezembro,2011,Q4,H2,Segunda
20111220,2011/20/12,20,12,Dezembro,2011,Q4,H2,Terça
20111221,2011/21/12,21,12,Dezembro,2011,Q4,H2,Quarta
20111222,2011/22/12,22,12,Dezembro,2011,Q4,H2,Quinta
20111223,2011/23/12,23,12,Dezembro,2011,Q4,H2,Sexta
20111224,2011/24/12,24,12,Dezembro,2011,Q4,H2,Sábado
20111225,2011/25/12,25,12,Dezembro,2011,Q4,H2,Domingo
20111226,2011/26/12,26,12,Dezembro,2011,Q4,H2,Segunda
20111227,2011/27/12,27,12,Dezembro,2011,Q4,H2,Terça
20111228,2011/28/12,28,12,Dezembro,2011,Q4,H2,Quarta
20111229,2011/29/12,29,12,Dezembro,2011,Q4,H2,Quinta
20111230,2011/30/12,30,12,Dezembro,2011,Q4,H2,Sexta
20111231,2011/31/12,31,12,Dezembro,2011,Q4,H2,Sábado
20120101,2012/01/01,1,1,Janeiro,2012,Q1,H1,Domingo
20120102,2012/02/01,2,1,Janeiro,2012,Q1,H1,Segunda
20120103,2012/03/01,3,1,Janeiro,2012,Q1,H1,Terça
20120104,2012/04/01,4,1,Janeiro,2012,Q1,H1,Quarta
20120105,2012/05/01,5,1,Janeiro,2012,Q1,H1,Quinta
20120106,2012/06/01,6,1,Janeiro,2012,Q1,H1,Sexta
20120107,2012/07/01,7,1,Janeiro,2012,Q1,H1,Sábado
20120108,2012/08/01,8,1,Janeiro,2012,Q1,H1,Domingo
20120109,2012/09/01,9,1,Janeiro,2012,Q1,H1,Segunda
20120110,2012/10/01,10,1,Janeiro,2012,Q1,H1,Terça
20120111,2012/11/01,11,1,Janeiro,2012,Q1,H1,Quarta
20120112,2012/12/01,12,1,Janeiro,2012,Q1,H1,Quinta
20120113,2012/13/01,13,1,Janeiro,2012,Q1,H1,Sexta
20120114,2012/14/01,14,1,Janeiro,2012,Q1,H1,Sábado
20120115,2012/15/01,15,1,Janeiro,2012,Q1,H1,Domingo
20120116,2012/16/01,16,1,Janeiro,2012,Q1,H1,Segunda
20120117,2012/17/01,17,1,Janeiro,2012,Q1,H1,Terça
20120118,2012/18/01,18,1,Janeiro,2012,Q1,H1,Quarta
20120119,2012/19/01,19,1,Janeiro,2012,Q1,H1,Quinta
20120120,2012/20/01,20,1,Janeiro,2012,Q1,H1,Sexta
20120121,2012/21/01,21,1,Janeiro,2012,Q1,H1,Sábado
20120122,2012/22/01,22,1,Janeiro,2012,Q1,H1,Domingo
20120123,2012/23/01,23,1,Janeiro,2012,Q1,H1,Segunda
20120124,2012/24/01,24,1,Janeiro,2012,Q1,H1,Terça
20120125,2012/25/01,25,1,Janeiro,2012,Q1,H1,Quarta
20120126,2012/26/01,26,1,Janeiro,2012,Q1,H1,Quinta
20120127,2012/27/01,27,1,Janeiro,2012,Q1,H1,Sexta
20120128,2012/28/01,28,1,Janeiro,2012,Q1,H1,Sábado
20120129,2012/29/01,29,1,Janeiro,2012,Q1,H1,Domingo
20120130,2012/30/01,30,1,Janeiro,2012,Q1,H1,Segunda
20120131,2012/31/01,31,1,Janeiro,2012,Q1,H1,Terça
20120201,2012/01/02,1,2,Fevereiro,2012,Q1,H1,Quarta
20120202,2012/02/02,2,2,Fevereiro,2012,Q1,H1,Quinta
20120203,2012/03/02,3,2,Fevereiro,2012,Q1,H1,Sexta
20120204,2012/04/02,4,2,Fevereiro,2012,Q1,H1,Sábado
20120205,2012/05/02,5,2,Fevereiro,2012,Q1,H1,Domingo
20120206,2012/06/02,6,2,Fevereiro,2012,Q1,H1,Segunda
20120207,2012/07/02,7,2,Fevereiro,2012,Q1,H1,Terça
20120208,2012/08/02,8,2,Fevereiro,2012,Q1,H1,Quarta
20120209,2012/09/02,9,2,Fevereiro,2012,Q1,H1,Quinta
20120210,2012/10/02,10,2,Fevereiro,2012,Q1,H1,Sexta
20120211,2012/11/02,11,2,Fevereiro,2012,Q1,H1,Sábado
20120212,2012/12/02,12,2,Fevereiro,2012,Q1,H1,Domingo
20120213,2012/13/02,13,2,Fevereiro,2012,Q1,H1,Segunda
20120214,2012/14/02,14,2,Fevereiro,2012,Q1,H1,Terça
20120215,2012/15/02,15,2,Fevereiro,2012,Q1,H1,Quarta
20120216,2012/16/02,16,2,Fevereiro,2012,Q1,H1,Quinta
20120217,2012/17/02,17,2,Fevereiro,2012,Q1,H1,Sexta
20120218,2012/18/02,18,2,Fevereiro,2012,Q1,H1,Sábado
20120219,2012/19/02,19,2,Fevereiro,2012,Q1,H1,Domingo
20120220,2012/20/02,20,2,Fevereiro,2012,Q1,H1,Segunda
20120221,2012/21/02,21,2,Fevereiro,2012,Q1,H1,Terça
20120222,2012/22/02,22,2,Fevereiro,2012,Q1,H1,Quarta
20120223,2012/23/02,23,2,Fevereiro,2012,Q1,H1,Quinta
20120224,2012/24/02,24,2,Fevereiro,2012,Q1,H1,Sexta
20120225,2012/25/02,25,2,Fevereiro,2012,Q1,H1,Sábado
20120226,2012/26/02,26,2,Fevereiro,2012,Q1,H1,Domingo
20120227,2012/27/02,27,2,Fevereiro,2012,Q1,H1,Segunda
20120228,2012/28/02,28,2,Fevereiro,2012,Q1,H1,Terça
20120229,2012/29/02,29,2,Fevereiro,2012,Q1,H1,Quarta
20120301,2012/01/03,1,3,Março,2012,Q1,H1,Quinta
20120302,2012/02/03,2,3,Março,2012,Q1,H1,Sexta
20120303,2012/03/03,3,3,Março,2012,Q1,H1,Sábado
20120304,2012/04/03,4,3,Março,2012,Q1,H1,Domingo
20120305,2012/05/03,5,3,Março,2012,Q1,H1,Segunda
20120306,2012/06/03,6,3,Março,2012,Q1,H1,Terça
20120307,2012/07/03,7,3,Março,2012,Q1,H1,Quarta
20120308,2012/08/03,8,3,Março,2012,Q1,H1,Quinta
20120309,2012/09/03,9,3,Março,2012,Q1,H1,Sexta
20120310,2012/10/03,10,3,Março,2012,Q1,H1,Sábado
20120311,2012/11/03,11,3,Março,2012,Q1,H1,Domingo
20120312,2012/12/03,12,3,Março,2012,Q1,H1,Segunda
20120313,2012/13/03,13,3,Março,2012,Q1,H1,Terça
20120314,2012/14/03,14,3,Março,2012,Q1,H1,Quarta
20120315,2012/15/03,15,3,Março,2012,Q1,H1,Quinta
20120316,2012/16/03,16,3,Março,2012,Q1,H1,Sexta
20120317,2012/17/03,17,3,Março,2012,Q1,H1,Sábado
20120318,2012/18/03,18,3,Março,2012,Q1,H1,Domingo
20120319,2012/19/03,19,3,Março,2012,Q1,H1,Segunda
20120320,2012/20/03,20,3,Março,2012,Q1,H1,Terça
20120321,2012/21/03,21,3,Março,2012,Q1,H1,Quarta
20120322,2012/22/03,22,3,Março,2012,Q1,H1,Quinta
20120323,2012/23/03,23,3,Março,2012,Q1,H1,Sexta
20120324,2012/24/03,24,3,Março,2012,Q1,H1,Sábado
20120325,2012/25/03,25,3,Março,2012,Q1,H1,Domingo
20120326,2012/26/03,26,3,Março,2012,Q1,H1,Segunda
20120327,2012/27/03,27,3,Março,2012,Q1,H1,Terça
20120328,2012/28/03,28,3,Março,2012,Q1,H1,Quarta
20120329,2012/29/03,29,3,Março,2012,Q1,H1,Quinta
20120330,2012/30/03,30,3,Março,2012,Q1,H1,Sexta
20120331,2012/31/03,31,3,Março,2012,Q1,H1,Sábado
20120401,2012/01/04,1,4,Abril,2012,Q2,H1,Domingo
20120402,2012/02/04,2,4,Abril,2012,Q2,H1,Segunda
20120403,2012/03/04,3,4,Abril,2012,Q2,H1,Terça
20120404,2012/04/04,4,4,Abril,2012,Q2,H1,Quarta
20120405,2012/05/04,5,4,Abril,2012,Q2,H1,Quinta
20120406,2012/06/04,6,4,Abril,2012,Q2,H1,Sexta
20120407,2012/07/04,7,4,Abril,2012,Q2,H1,Sábado
20120408,2012/08/04,8,4,Abril,2012,Q2,H1,Domingo
20120409,2012/09/04,9,4,Abril,2012,Q2,H1,Segunda
20120410,2012/10/04,10,4,Abril,2012,Q2,H1,Terça
20120411,2012/11/04,11,4,Abril,2012,Q2,H1,Quarta
20120412,2012/12/04,12,4,Abril,2012,Q2,H1,Quinta
20120413,2012/13/04,13,4,Abril,2012,Q2,H1,Sexta
20120414,2012/14/04,14,4,Abril,2012,Q2,H1,Sábado
20120415,2012/15/04,15,4,Abril,2012,Q2,H1,Domingo
20120416,2012/16/04,16,4,Abril,2012,Q2,H1,Segunda
20120417,2012/17/04,17,4,Abril,2012,Q2,H1,Terça
20120418,2012/18/04,18,4,Abril,2012,Q2,H1,Quarta
20120419,2012/19/04,19,4,Abril,2012,Q2,H1,Quinta
20120420,2012/20/04,20,4,Abril,2012,Q2,H1,Sexta
20120421,2012/21/04,21,4,Abril,2012,Q2,H1,Sábado
20120422,2012/22/04,22,4,Abril,2012,Q2,H1,Domingo
20120423,2012/23/04,23,4,Abril,2012,Q2,H1,Segunda
20120424,2012/24/04,24,4,Abril,2012,Q2,H1,Terça
20120425,2012/25/04,25,4,Abril,2012,Q2,H1,Quarta
20120426,2012/26/04,26,4,Abril,2012,Q2,H1,Quinta
20120427,2012/27/04,27,4,Abril,2012,Q2,H1,Sexta
20120428,2012/28/04,28,4,Abril,2012,Q2,H1,Sábado
20120429,2012/29/04,29,4,Abril,2012,Q2,H1,Domingo
20120430,2012/30/04,30,4,Abril,2012,Q2,H1,Segunda
20120501,2012/01/05,1,5,Maio,2012,Q2,H1,Terça
20120502,2012/02/05,2,5,Maio,2012,Q2,H1,Quarta
20120503,2012/03/05,3,5,Maio,2012,Q2,H1,Quinta
20120504,2012/04/05,4,5,Maio,2012,Q2,H1,Sexta
20120505,2012/05/05,5,5,Maio,2012,Q2,H1,Sábado
20120506,2012/06/05,6,5,Maio,2012,Q2,H1,Domingo
20120507,2012/07/05,7,5,Maio,2012,Q2,H1,Segunda
20120508,2012/08/05,8,5,Maio,2012,Q2,H1,Terça
20120509,2012/09/05,9,5,Maio,2012,Q2,H1,Quarta
20120510,2012/10/05,10,5,Maio,2012,Q2,H1,Quinta
20120511,2012/11/05,11,5,Maio,2012,Q2,H1,Sexta
20120512,2012/12/05,12,5,Maio,2012,Q2,H1,Sábado
20120513,2012/13/05,13,5,Maio,2012,Q2,H1,Domingo
20120514,2012/14/05,14,5,Maio,2012,Q2,H1,Segunda
20120515,2012/15/05,15,5,Maio,2012,Q2,H1,Terça
20120516,2012/16/05,16,5,Maio,2012,Q2,H1,Quarta
20120517,2012/17/05,17,5,Maio,2012,Q2,H1,Quinta
20120518,2012/18/05,18,5,Maio,2012,Q2,H1,Sexta
20120519,2012/19/05,19,5,Maio,2012,Q2,H1,Sábado
20120520,2012/20/05,20,5,Maio,2012,Q2,H1,Domingo
20120521,2012/21/05,21,5,Maio,2012,Q2,H1,Segunda
20120522,2012/22/05,22,5,Maio,2012,Q2,H1,Terça
20120523,2012/23/05,23,5,Maio,2012,Q2,H1,Quarta
20120524,2012/24/05,24,5,Maio,2012,Q2,H1,Quinta
20120525,2012/25/05,25,5,Maio,2012,Q2,H1,Sexta
20120526,2012/26/05,26,5,Maio,2012,Q2,H1,Sábado
20120527,2012/27/05,27,5,Maio,2012,Q2,H1,Domingo
20120528,2012/28/05,28,5,Maio,2012,Q2,H1,Segunda
20120529,2012/29/05,29,5,Maio,2012,Q2,H1,Terça
20120530,2012/30/05,30,5,Maio,2012,Q2,H1,Quarta
20120531,2012/31/05,31,5,Maio,2012,Q2,H1,Quinta
20120601,2012/01/06,1,6,Junho,2012,Q2,H1,Sexta
20120602,2012/02/06,2,6,Junho,2012,Q2,H1,Sábado
20120603,2012/03/06,3,6,Junho,2012,Q2,H1,Domingo
20120604,2012/04/06,4,6,Junho,2012,Q2,H1,Segunda
20120605,2012/05/06,5,6,Junho,2012,Q2,H1,Terça
20120606,2012/06/06,6,6,Junho,2012,Q2,H1,Quarta
20120607,2012/07/06,7,6,Junho,2012,Q2,H1,Quinta
20120608,2012/08/06,8,6,Junho,2012,Q2,H1,Sexta
20120609,2012/09/06,9,6,Junho,2012,Q2,H1,Sábado
20120610,2012/10/06,10,6,Junho,2012,Q2,H1,Domingo
20120611,2012/11/06,11,6,Junho,2012,Q2,H1,Segunda
20120612,2012/12/06,12,6,Junho,2012,Q2,H1,Terça
20120613,2012/13/06,13,6,Junho,2012,Q2,H1,Quarta
20120614,2012/14/06,14,6,Junho,2012,Q2,H1,Quinta
20120615,2012/15/06,15,6,Junho,2012,Q2,H1,Sexta
20120616,2012/16/06,16,6,Junho,2012,Q2,H1,Sábado
20120617,2012/17/06,17,6,Junho,2012,Q2,H1,Domingo
20120618,2012/18/06,18,6,Junho,2012,Q2,H1,Segunda
20120619,2012/19/06,19,6,Junho,2012,Q2,H1,Terça
20120620,2012/20/06,20,6,Junho,2012,Q2,H1,Quarta
20120621,2012/21/06,21,6,Junho,2012,Q2,H1,Quinta
20120622,2012/22/06,22,6,Junho,2012,Q2,H1,Sexta
20120623,2012/23/06,23,6,Junho,2012,Q2,H1,Sábado
20120624,2012/24/06,24,6,Junho,2012,Q2,H1,Domingo
20120625,2012/25/06,25,6,Junho,2012,Q2,H1,Segunda
20120626,2012/26/06,26,6,Junho,2012,Q2,H1,Terça
20120627,2012/27/06,27,6,Junho,2012,Q2,H1,Quarta
20120628,2012/28/06,28,6,Junho,2012,Q2,H1,Quinta
20120629,2012/29/06,29,6,Junho,2012,Q2,H1,Sexta
20120630,2012/30/06,30,6,Junho,2012,Q2,H1,Sábado
20120701,2012/01/07,1,7,Julho,2012,Q3,H2,Domingo
20120702,2012/02/07,2,7,Julho,2012,Q3,H2,Segunda
20120703,2012/03/07,3,7,Julho,2012,Q3,H2,Terça
20120704,2012/04/07,4,7,Julho,2012,Q3,H2,Quarta
20120705,2012/05/07,5,7,Julho,2012,Q3,H2,Quinta
20120706,2012/06/07,6,7,Julho,2012,Q3,H2,Sexta
20120707,2012/07/07,7,7,Julho,2012,Q3,H2,Sábado
20120708,2012/08/07,8,7,Julho,2012,Q3,H2,Domingo
20120709,2012/09/07,9,7,Julho,2012,Q3,H2,Segunda
20120710,2012/10/07,10,7,Julho,2012,Q3,H2,Terça
20120711,2012/11/07,11,7,Julho,2012,Q3,H2,Quarta
20120712,2012/12/07,12,7,Julho,2012,Q3,H2,Quinta
20120713,2012/13/07,13,7,Julho,2012,Q3,H2,Sexta
20120714,2012/14/07,14,7,Julho,2012,Q3,H2,Sábado
20120715,2012/15/07,15,7,Julho,2012,Q3,H2,Domingo
20120716,2012/16/07,16,7,Julho,2012,Q3,H2,Segunda
20120717,2012/17/07,17,7,Julho,2012,Q3,H2,Terça
20120718,2012/18/07,18,7,Julho,2012,Q3,H2,Quarta
20120719,2012/19/07,19,7,Julho,2012,Q3,H2,Quinta
20120720,2012/20/07,20,7,Julho,2012,Q3,H2,Sexta
20120721,2012/21/07,21,7,Julho,2012,Q3,H2,Sábado
20120722,2012/22/07,22,7,Julho,2012,Q3,H2,Domingo
20120723,2012/23/07,23,7,Julho,2012,Q3,H2,Segunda
20120724,2012/24/07,24,7,Julho,2012,Q3,H2,Terça
20120725,2012/25/07,25,7,Julho,2012,Q3,H2,Quarta
20120726,2012/26/07,26,7,Julho,2012,Q3,H2,Quinta
20120727,2012/27/07,27,7,Julho,2012,Q3,H2,Sexta
20120728,2012/28/07,28,7,Julho,2012,Q3,H2,Sábado
20120729,2012/29/07,29,7,Julho,2012,Q3,H2,Domingo
20120730,2012/30/07,30,7,Julho,2012,Q3,H2,Segunda
20120731,2012/31/07,31,7,Julho,2012,Q3,H2,Terça
20120801,2012/01/08,1,8,Agosto,2012,Q3,H2,Quarta
20120802,2012/02/08,2,8,Agosto,2012,Q3,H2,Quinta
20120803,2012/03/08,3,8,Agosto,2012,Q3,H2,Sexta
20120804,2012/04/08,4,8,Agosto,2012,Q3,H2,Sábado
20120805,2012/05/08,5,8,Agosto,2012,Q3,H2,Domingo
20120806,2012/06/08,6,8,Agosto,2012,Q3,H2,Segunda
20120807,2012/07/08,7,8,Agosto,2012,Q3,H2,Terça
20120808,2012/08/08,8,8,Agosto,2012,Q3,H2,Quarta
20120809,2012/09/08,9,8,Agosto,2012,Q3,H2,Quinta
20120810,2012/10/08,10,8,Agosto,2012,Q3,H2,Sexta
20120811,2012/11/08,11,8,Agosto,2012,Q3,H2,Sábado
20120812,2012/12/08,12,8,Agosto,2012,Q3,H2,Domingo
20120813,2012/13/08,13,8,Agosto,2012,Q3,H2,Segunda
20120814,2012/14/08,14,8,Agosto,2012,Q3,H2,Terça
20120815,2012/15/08,15,8,Agosto,2012,Q3,H2,Quarta
20120816,2012/16/08,16,8,Agosto,2012,Q3,H2,Quinta
20120817,2012/17/08,17,8,Agosto,2012,Q3,H2,Sexta
20120818,2012/18/08,18,8,Agosto,2012,Q3,H2,Sábado
20120819,2012/19/08,19,8,Agosto,2012,Q3,H2,Domingo
20120820,2012/20/08,20,8,Agosto,2012,Q3,H2,Segunda
20120821,2012/21/08,21,8,Agosto,2012,Q3,H2,Terça
20120822,2012/22/08,22,8,Agosto,2012,Q3,H2,Quarta
20120823,2012/23/08,23,8,Agosto,2012,Q3,H2,Quinta
20120824,2012/24/08,24,8,Agosto,2012,Q3,H2,Sexta
20120825,2012/25/08,25,8,Agosto,2012,Q3,H2,Sábado
20120826,2012/26/08,26,8,Agosto,2012,Q3,H2,Domingo
20120827,2012/27/08,27,8,Agosto,2012,Q3,H2,Segunda
20120828,2012/28/08,28,8,Agosto,2012,Q3,H2,Terça
20120829,2012/29/08,29,8,Agosto,2012,Q3,H2,Quarta
20120830,2012/30/08,30,8,Agosto,2012,Q3,H2,Quinta
20120831,2012/31/08,31,8,Agosto,2012,Q3,H2,Sexta
20120901,2012/01/09,1,9,Setembro,2012,Q3,H2,Sábado
20120902,2012/02/09,2,9,Setembro,2012,Q3,H2,Domingo
20120903,2012/03/09,3,9,Setembro,2012,Q3,H2,Segunda
20120904,2012/04/09,4,9,Setembro,2012,Q3,H2,Terça
20120905,2012/05/09,5,9,Setembro,2012,Q3,H2,Quarta
20120906,2012/06/09,6,9,Setembro,2012,Q3,H2,Quinta
20120907,2012/07/09,7,9,Setembro,2012,Q3,H2,Sexta
20120908,2012/08/09,8,9,Setembro,2012,Q3,H2,Sábado
20120909,2012/09/09,9,9,Setembro,2012,Q3,H2,Domingo
20120910,2012/10/09,10,9,Setembro,2012,Q3,H2,Segunda
20120911,2012/11/09,11,9,Setembro,2012,Q3,H2,Terça
20120912,2012/12/09,12,9,Setembro,2012,Q3,H2,Quarta
20120913,2012/13/09,13,9,Setembro,2012,Q3,H2,Quinta
20120914,2012/14/09,14,9,Setembro,2012,Q3,H2,Sexta
20120915,2012/15/09,15,9,Setembro,2012,Q3,H2,Sábado
20120916,2012/16/09,16,9,Setembro,2012,Q3,H2,Domingo
20120917,2012/17/09,17,9,Setembro,2012,Q3,H2,Segunda
20120918,2012/18/09,18,9,Setembro,2012,Q3,H2,Terça
20120919,2012/19/09,19,9,Setembro,2012,Q3,H2,Quarta
20120920,2012/20/09,20,9,Setembro,2012,Q3,H2,Quinta
20120921,2012/21/09,21,9,Setembro,2012,Q3,H2,Sexta
20120922,2012/22/09,22,9,Setembro,2012,Q3,H2,Sábado
20120923,2012/23/09,23,9,Setembro,2012,Q3,H2,Domingo
20120924,2012/24/09,24,9,Setembro,2012,Q3,H2,Segunda
20120925,2012/25/09,25,9,Setembro,2012,Q3,H2,Terça
20120926,2012/26/09,26,9,Setembro,2012,Q3,H2,Quarta
20120927,2012/27/09,27,9,Setembro,2012,Q3,H2,Quinta
20120928,2012/28/09,28,9,Setembro,2012,Q3,H2,Sexta
20120929,2012/29/09,29,9,Setembro,2012,Q3,H2,Sábado
20120930,2012/30/09,30,9,Setembro,2012,Q3,H2,Domingo
20121001,2012/01/10,1,10,Outubro,2012,Q4,H2,Segunda
20121002,2012/02/10,2,10,Outubro,2012,Q4,H2,Terça
20121003,2012/03/10,3,10,Outubro,2012,Q4,H2,Quarta
20121004,2012/04/10,4,10,Outubro,2012,Q4,H2,Quinta
20121005,2012/05/10,5,10,Outubro,2012,Q4,H2,Sexta
20121006,2012/06/10,6,10,Outubro,2012,Q4,H2,Sábado
20121007,2012/07/10,7,10,Outubro,2012,Q4,H2,Domingo
20121008,2012/08/10,8,10,Outubro,2012,Q4,H2,Segunda
20121009,2012/09/10,9,10,Outubro,2012,Q4,H2,Terça
20121010,2012/10/10,10,10,Outubro,2012,Q4,H2,Quarta
20121011,2012/11/10,11,10,Outubro,2012,Q4,H2,Quinta
20121012,2012/12/10,12,10,Outubro,2012,Q4,H2,Sexta
20121013,2012/13/10,13,10,Outubro,2012,Q4,H2,Sábado
20121014,2012/14/10,14,10,Outubro,2012,Q4,H2,Domingo
20121015,2012/15/10,15,10,Outubro,2012,Q4,H2,Segunda
20121016,2012/16/10,16,10,Outubro,2012,Q4,H2,Terça
20121017,2012/17/10,17,10,Outubro,2012,Q4,H2,Quarta
20121018,2012/18/10,18,10,Outubro,2012,Q4,H2,Quinta
20121019,2012/19/10,19,10,Outubro,2012,Q4,H2,Sexta
20121020,2012/20/10,20,10,Outubro,2012,Q4,H2,Sábado
20121021,2012/21/10,21,10,Outubro,2012,Q4,H2,Domingo
20121022,2012/22/10,22,10,Outubro,2012,Q4,H2,Segunda
20121023,2012/23/10,23,10,Outubro,2012,Q4,H2,Terça
20121024,2012/24/10,24,10,Outubro,2012,Q4,H2,Quarta
20121025,2012/25/10,25,10,Outubro,2012,Q4,H2,Quinta
20121026,2012/26/10,26,10,Outubro,2012,Q4,H2,Sexta
20121027,2012/27/10,27,10,Outubro,2012,Q4,H2,Sábado
20121028,2012/28/10,28,10,Outubro,2012,Q4,H2,Domingo
20121029,2012/29/10,29,10,Outubro,2012,Q4,H2,Segunda
20121030,2012/30/10,30,10,Outubro,2012,Q4,H2,Terça
20121031,2012/31/10,31,10,Outubro,2012,Q4,H2,Quarta
20121101,2012/01/11,1,11,Novembro,2012,Q4,H2,Quinta
20121102,2012/02/11,2,11,Novembro,2012,Q4,H2,Sexta
20121103,2012/03/11,3,11,Novembro,2012,Q4,H2,Sábado
20121104,2012/04/11,4,11,Novembro,2012,Q4,H2,Domingo
20121105,2012/05/11,5,11,Novembro,2012,Q4,H2,Segunda
20121106,2012/06/11,6,11,Novembro,2012,Q4,H2,Terça
20121107,2012/07/11,7,11,Novembro,2012,Q4,H2,Quarta
20121108,2012/08/11,8,11,Novembro,2012,Q4,H2,Quinta
20121109,2012/09/11,9,11,Novembro,2012,Q4,H2,Sexta
20121110,2012/10/11,10,11,Novembro,2012,Q4,H2,Sábado
20121111,2012/11/11,11,11,Novembro,2012,Q4,H2,Domingo
20121112,2012/12/11,12,11,Novembro,2012,Q4,H2,Segunda
20121113,2012/13/11,13,11,Novembro,2012,Q4,H2,Terça
20121114,2012/14/11,14,11,Novembro,2012,Q4,H2,Quarta
20121115,2012/15/11,15,11,Novembro,2012,Q4,H2,Quinta
20121116,2012/16/11,16,11,Novembro,2012,Q4,H2,Sexta
20121117,2012/17/11,17,11,Novembro,2012,Q4,H2,Sábado
20121118,2012/18/11,18,11,Novembro,2012,Q4,H2,Domingo
20121119,2012/19/11,19,11,Novembro,2012,Q4,H2,Segunda
20121120,2012/20/11,20,11,Novembro,2012,Q4,H2,Terça
20121121,2012/21/11,21,11,Novembro,2012,Q4,H2,Quarta
20121122,2012/22/11,22,11,Novembro,2012,Q4,H2,Quinta
20121123,2012/23/11,23,11,Novembro,2012,Q4,H2,Sexta
20121124,2012/24/11,24,11,Novembro,2012,Q4,H2,Sábado
20121125,2012/25/11,25,11,Novembro,2012,Q4,H2,Domingo
20121126,2012/26/11,26,11,Novembro,2012,Q4,H2,Segunda
20121127,2012/27/11,27,11,Novembro,2012,Q4,H2,Terça
20121128,2012/28/11,28,11,Novembro,2012,Q4,H2,Quarta
20121129,2012/29/11,29,11,Novembro,2012,Q4,H2,Quinta
20121130,2012/30/11,30,11,Novembro,2012,Q4,H2,Sexta
20121201,2012/01/12,1,12,Dezembro,2012,Q4,H2,Sábado
20121202,2012/02/12,2,12,Dezembro,2012,Q4,H2,Domingo
20121203,2012/03/12,3,12,Dezembro,2012,Q4,H2,Segunda
20121204,2012/04/12,4,12,Dezembro,2012,Q4,H2,Terça
20121205,2012/05/12,5,12,Dezembro,2012,Q4,H2,Quarta
20121206,2012/06/12,6,12,Dezembro,2012,Q4,H2,Quinta
20121207,2012/07/12,7,12,Dezembro,2012,Q4,H2,Sexta
20121208,2012/08/12,8,12,Dezembro,2012,Q4,H2,Sábado
20121209,2012/09/12,9,12,Dezembro,2012,Q4,H2,Domingo
20121210,2012/10/12,10,12,Dezembro,2012,Q4,H2,Segunda
20121211,2012/11/12,11,12,Dezembro,2012,Q4,H2,Terça
20121212,2012/12/12,12,12,Dezembro,2012,Q4,H2,Quarta
20121213,2012/13/12,13,12,Dezembro,2012,Q4,H2,Quinta
20121214,2012/14/12,14,12,Dezembro,2012,Q4,H2,Sexta
20121215,2012/15/12,15,12,Dezembro,2012,Q4,H2,Sábado
20121216,2012/16/12,16,12,Dezembro,2012,Q4,H2,Domingo
20121217,2012/17/12,17,12,Dezembro,2012,Q4,H2,Segunda
20121218,2012/18/12,18,12,Dezembro,2012,Q4,H2,Terça
20121219,2012/19/12,19,12,Dezembro,2012,Q4,H2,Quarta
20121220,2012/20/12,20,12,Dezembro,2012,Q4,H2,Quinta
20121221,2012/21/12,21,12,Dezembro,2012,Q4,H2,Sexta
20121222,2012/22/12,22,12,Dezembro,2012,Q4,H2,Sábado
20121223,2012/23/12,23,12,Dezembro,2012,Q4,H2,Domingo
20121224,2012/24/12,24,12,Dezembro,2012,Q4,H2,Segunda
20121225,2012/25/12,25,12,Dezembro,2012,Q4,H2,Terça
20121226,2012/26/12,26,12,Dezembro,2012,Q4,H2,Quarta
20121227,2012/27/12,27,12,Dezembro,2012,Q4,H2,Quinta
20121228,2012/28/12,28,12,Dezembro,2012,Q4,H2,Sexta
20121229,2012/29/12,29,12,Dezembro,2012,Q4,H2,Sábado
20121230,2012/30/12,30,12,Dezembro,2012,Q4,H2,Domingo
20121231,2012/31/12,31,12,Dezembro,2012,Q4,H2,Segunda
20130101,2013/01/01,1,1,Janeiro,2013,Q1,H1,Terça
20130102,2013/02/01,2,1,Janeiro,2013,Q1,H1,Quarta
20130103,2013/03/01,3,1,Janeiro,2013,Q1,H1,Quinta
20130104,2013/04/01,4,1,Janeiro,2013,Q1,H1,Sexta
20130105,2013/05/01,5,1,Janeiro,2013,Q1,H1,Sábado
20130106,2013/06/01,6,1,Janeiro,2013,Q1,H1,Domingo
20130107,2013/07/01,7,1,Janeiro,2013,Q1,H1,Segunda
20130108,2013/08/01,8,1,Janeiro,2013,Q1,H1,Terça
20130109,2013/09/01,9,1,Janeiro,2013,Q1,H1,Quarta
20130110,2013/10/01,10,1,Janeiro,2013,Q1,H1,Quinta
20130111,2013/11/01,11,1,Janeiro,2013,Q1,H1,Sexta
20130112,2013/12/01,12,1,Janeiro,2013,Q1,H1,Sábado
20130113,2013/13/01,13,1,Janeiro,2013,Q1,H1,Domingo
20130114,2013/14/01,14,1,Janeiro,2013,Q1,H1,Segunda
20130115,2013/15/01,15,1,Janeiro,2013,Q1,H1,Terça
20130116,2013/16/01,16,1,Janeiro,2013,Q1,H1,Quarta
20130117,2013/17/01,17,1,Janeiro,2013,Q1,H1,Quinta
20130118,2013/18/01,18,1,Janeiro,2013,Q1,H1,Sexta
20130119,2013/19/01,19,1,Janeiro,2013,Q1,H1,Sábado
20130120,2013/20/01,20,1,Janeiro,2013,Q1,H1,Domingo
20130121,2013/21/01,21,1,Janeiro,2013,Q1,H1,Segunda
20130122,2013/22/01,22,1,Janeiro,2013,Q1,H1,Terça
20130123,2013/23/01,23,1,Janeiro,2013,Q1,H1,Quarta
20130124,2013/24/01,24,1,Janeiro,2013,Q1,H1,Quinta
20130125,2013/25/01,25,1,Janeiro,2013,Q1,H1,Sexta
20130126,2013/26/01,26,1,Janeiro,2013,Q1,H1,Sábado
20130127,2013/27/01,27,1,Janeiro,2013,Q1,H1,Domingo
20130128,2013/28/01,28,1,Janeiro,2013,Q1,H1,Segunda
20130129,2013/29/01,29,1,Janeiro,2013,Q1,H1,Terça
20130130,2013/30/01,30,1,Janeiro,2013,Q1,H1,Quarta
20130131,2013/31/01,31,1,Janeiro,2013,Q1,H1,Quinta
20130201,2013/01/02,1,2,Fevereiro,2013,Q1,H1,Sexta
20130202,2013/02/02,2,2,Fevereiro,2013,Q1,H1,Sábado
20130203,2013/03/02,3,2,Fevereiro,2013,Q1,H1,Domingo
20130204,2013/04/02,4,2,Fevereiro,2013,Q1,H1,Segunda
20130205,2013/05/02,5,2,Fevereiro,2013,Q1,H1,Terça
20130206,2013/06/02,6,2,Fevereiro,2013,Q1,H1,Quarta
20130207,2013/07/02,7,2,Fevereiro,2013,Q1,H1,Quinta
20130208,2013/08/02,8,2,Fevereiro,2013,Q1,H1,Sexta
20130209,2013/09/02,9,2,Fevereiro,2013,Q1,H1,Sábado
20130210,2013/10/02,10,2,Fevereiro,2013,Q1,H1,Domingo
20130211,2013/11/02,11,2,Fevereiro,2013,Q1,H1,Segunda
20130212,2013/12/02,12,2,Fevereiro,2013,Q1,H1,Terça
20130213,2013/13/02,13,2,Fevereiro,2013,Q1,H1,Quarta
20130214,2013/14/02,14,2,Fevereiro,2013,Q1,H1,Quinta
20130215,2013/15/02,15,2,Fevereiro,2013,Q1,H1,Sexta
20130216,2013/16/02,16,2,Fevereiro,2013,Q1,H1,Sábado
20130217,2013/17/02,17,2,Fevereiro,2013,Q1,H1,Domingo
20130218,2013/18/02,18,2,Fevereiro,2013,Q1,H1,Segunda
20130219,2013/19/02,19,2,Fevereiro,2013,Q1,H1,Terça
20130220,2013/20/02,20,2,Fevereiro,2013,Q1,H1,Quarta
20130221,2013/21/02,21,2,Fevereiro,2013,Q1,H1,Quinta
20130222,2013/22/02,22,2,Fevereiro,2013,Q1,H1,Sexta
20130223,2013/23/02,23,2,Fevereiro,2013,Q1,H1,Sábado
20130224,2013/24/02,24,2,Fevereiro,2013,Q1,H1,Domingo
20130225,2013/25/02,25,2,Fevereiro,2013,Q1,H1,Segunda
20130226,2013/26/02,26,2,Fevereiro,2013,Q1,H1,Terça
20130227,2013/27/02,27,2,Fevereiro,2013,Q1,H1,Quarta
20130228,2013/28/02,28,2,Fevereiro,2013,Q1,H1,Quinta
20130301,2013/01/03,1,3,Março,2013,Q1,H1,Sexta
20130302,2013/02/03,2,3,Março,2013,Q1,H1,Sábado
20130303,2013/03/03,3,3,Março,2013,Q1,H1,Domingo
20130304,2013/04/03,4,3,Março,2013,Q1,H1,Segunda
20130305,2013/05/03,5,3,Março,2013,Q1,H1,Terça
20130306,2013/06/03,6,3,Março,2013,Q1,H1,Quarta
20130307,2013/07/03,7,3,Março,2013,Q1,H1,Quinta
20130308,2013/08/03,8,3,Março,2013,Q1,H1,Sexta
20130309,2013/09/03,9,3,Março,2013,Q1,H1,Sábado
20130310,2013/10/03,10,3,Março,2013,Q1,H1,Domingo
20130311,2013/11/03,11,3,Março,2013,Q1,H1,Segunda
20130312,2013/12/03,12,3,Março,2013,Q1,H1,Terça
20130313,2013/13/03,13,3,Março,2013,Q1,H1,Quarta
20130314,2013/14/03,14,3,Março,2013,Q1,H1,Quinta
20130315,2013/15/03,15,3,Março,2013,Q1,H1,Sexta
20130316,2013/16/03,16,3,Março,2013,Q1,H1,Sábado
20130317,2013/17/03,17,3,Março,2013,Q1,H1,Domingo
20130318,2013/18/03,18,3,Março,2013,Q1,H1,Segunda
20130319,2013/19/03,19,3,Março,2013,Q1,H1,Terça
20130320,2013/20/03,20,3,Março,2013,Q1,H1,Quarta
20130321,2013/21/03,21,3,Março,2013,Q1,H1,Quinta
20130322,2013/22/03,22,3,Março,2013,Q1,H1,Sexta
20130323,2013/23/03,23,3,Março,2013,Q1,H1,Sábado
20130324,2013/24/03,24,3,Março,2013,Q1,H1,Domingo
20130325,2013/25/03,25,3,Março,2013,Q1,H1,Segunda
20130326,2013/26/03,26,3,Março,2013,Q1,H1,Terça
20130327,2013/27/03,27,3,Março,2013,Q1,H1,Quarta
20130328,2013/28/03,28,3,Março,2013,Q1,H1,Quinta
20130329,2013/29/03,29,3,Março,2013,Q1,H1,Sexta
20130330,2013/30/03,30,3,Março,2013,Q1,H1,Sábado
20130331,2013/31/03,31,3,Março,2013,Q1,H1,Domingo
20130401,2013/01/04,1,4,Abril,2013,Q2,H1,Segunda
20130402,2013/02/04,2,4,Abril,2013,Q2,H1,Terça
20130403,2013/03/04,3,4,Abril,2013,Q2,H1,Quarta
20130404,2013/04/04,4,4,Abril,2013,Q2,H1,Quinta
20130405,2013/05/04,5,4,Abril,2013,Q2,H1,Sexta
20130406,2013/06/04,6,4,Abril,2013,Q2,H1,Sábado
20130407,2013/07/04,7,4,Abril,2013,Q2,H1,Domingo
20130408,2013/08/04,8,4,Abril,2013,Q2,H1,Segunda
20130409,2013/09/04,9,4,Abril,2013,Q2,H1,Terça
20130410,2013/10/04,10,4,Abril,2013,Q2,H1,Quarta
20130411,2013/11/04,11,4,Abril,2013,Q2,H1,Quinta
20130412,2013/12/04,12,4,Abril,2013,Q2,H1,Sexta
20130413,2013/13/04,13,4,Abril,2013,Q2,H1,Sábado
20130414,2013/14/04,14,4,Abril,2013,Q2,H1,Domingo
20130415,2013/15/04,15,4,Abril,2013,Q2,H1,Segunda
20130416,2013/16/04,16,4,Abril,2013,Q2,H1,Terça
20130417,2013/17/04,17,4,Abril,2013,Q2,H1,Quarta
20130418,2013/18/04,18,4,Abril,2013,Q2,H1,Quinta
20130419,2013/19/04,19,4,Abril,2013,Q2,H1,Sexta
20130420,2013/20/04,20,4,Abril,2013,Q2,H1,Sábado
20130421,2013/21/04,21,4,Abril,2013,Q2,H1,Domingo
20130422,2013/22/04,22,4,Abril,2013,Q2,H1,Segunda
20130423,2013/23/04,23,4,Abril,2013,Q2,H1,Terça
20130424,2013/24/04,24,4,Abril,2013,Q2,H1,Quarta
20130425,2013/25/04,25,4,Abril,2013,Q2,H1,Quinta
20130426,2013/26/04,26,4,Abril,2013,Q2,H1,Sexta
20130427,2013/27/04,27,4,Abril,2013,Q2,H1,Sábado
20130428,2013/28/04,28,4,Abril,2013,Q2,H1,Domingo
20130429,2013/29/04,29,4,Abril,2013,Q2,H1,Segunda
20130430,2013/30/04,30,4,Abril,2013,Q2,H1,Terça
20130501,2013/01/05,1,5,Maio,2013,Q2,H1,Quarta
20130502,2013/02/05,2,5,Maio,2013,Q2,H1,Quinta
20130503,2013/03/05,3,5,Maio,2013,Q2,H1,Sexta
20130504,2013/04/05,4,5,Maio,2013,Q2,H1,Sábado
20130505,2013/05/05,5,5,Maio,2013,Q2,H1,Domingo
20130506,2013/06/05,6,5,Maio,2013,Q2,H1,Segunda
20130507,2013/07/05,7,5,Maio,2013,Q2,H1,Terça
20130508,2013/08/05,8,5,Maio,2013,Q2,H1,Quarta
20130509,2013/09/05,9,5,Maio,2013,Q2,H1,Quinta
20130510,2013/10/05,10,5,Maio,2013,Q2,H1,Sexta
20130511,2013/11/05,11,5,Maio,2013,Q2,H1,Sábado
20130512,2013/12/05,12,5,Maio,2013,Q2,H1,Domingo
20130513,2013/13/05,13,5,Maio,2013,Q2,H1,Segunda
20130514,2013/14/05,14,5,Maio,2013,Q2,H1,Terça
20130515,2013/15/05,15,5,Maio,2013,Q2,H1,Quarta
20130516,2013/16/05,16,5,Maio,2013,Q2,H1,Quinta
20130517,2013/17/05,17,5,Maio,2013,Q2,H1,Sexta
20130518,2013/18/05,18,5,Maio,2013,Q2,H1,Sábado
20130519,2013/19/05,19,5,Maio,2013,Q2,H1,Domingo
20130520,2013/20/05,20,5,Maio,2013,Q2,H1,Segunda
20130521,2013/21/05,21,5,Maio,2013,Q2,H1,Terça
20130522,2013/22/05,22,5,Maio,2013,Q2,H1,Quarta
20130523,2013/23/05,23,5,Maio,2013,Q2,H1,Quinta
20130524,2013/24/05,24,5,Maio,2013,Q2,H1,Sexta
20130525,2013/25/05,25,5,Maio,2013,Q2,H1,Sábado
20130526,2013/26/05,26,5,Maio,2013,Q2,H1,Domingo
20130527,2013/27/05,27,5,Maio,2013,Q2,H1,Segunda
20130528,2013/28/05,28,5,Maio,2013,Q2,H1,Terça
20130529,2013/29/05,29,5,Maio,2013,Q2,H1,Quarta
20130530,2013/30/05,30,5,Maio,2013,Q2,H1,Quinta
20130531,2013/31/05,31,5,Maio,2013,Q2,H1,Sexta
20130601,2013/01/06,1,6,Junho,2013,Q2,H1,Sábado
20130602,2013/02/06,2,6,Junho,2013,Q2,H1,Domingo
20130603,2013/03/06,3,6,Junho,2013,Q2,H1,Segunda
20130604,2013/04/06,4,6,Junho,2013,Q2,H1,Terça
20130605,2013/05/06,5,6,Junho,2013,Q2,H1,Quarta
20130606,2013/06/06,6,6,Junho,2013,Q2,H1,Quinta
20130607,2013/07/06,7,6,Junho,2013,Q2,H1,Sexta
20130608,2013/08/06,8,6,Junho,2013,Q2,H1,Sábado
20130609,2013/09/06,9,6,Junho,2013,Q2,H1,Domingo
20130610,2013/10/06,10,6,Junho,2013,Q2,H1,Segunda
20130611,2013/11/06,11,6,Junho,2013,Q2,H1,Terça
20130612,2013/12/06,12,6,Junho,2013,Q2,H1,Quarta
20130613,2013/13/06,13,6,Junho,2013,Q2,H1,Quinta
20130614,2013/14/06,14,6,Junho,2013,Q2,H1,Sexta
20130615,2013/15/06,15,6,Junho,2013,Q2,H1,Sábado
20130616,2013/16/06,16,6,Junho,2013,Q2,H1,Domingo
20130617,2013/17/06,17,6,Junho,2013,Q2,H1,Segunda
20130618,2013/18/06,18,6,Junho,2013,Q2,H1,Terça
20130619,2013/19/06,19,6,Junho,2013,Q2,H1,Quarta
20130620,2013/20/06,20,6,Junho,2013,Q2,H1,Quinta
20130621,2013/21/06,21,6,Junho,2013,Q2,H1,Sexta
20130622,2013/22/06,22,6,Junho,2013,Q2,H1,Sábado
20130623,2013/23/06,23,6,Junho,2013,Q2,H1,Domingo
20130624,2013/24/06,24,6,Junho,2013,Q2,H1,Segunda
20130625,2013/25/06,25,6,Junho,2013,Q2,H1,Terça
20130626,2013/26/06,26,6,Junho,2013,Q2,H1,Quarta
20130627,2013/27/06,27,6,Junho,2013,Q2,H1,Quinta
20130628,2013/28/06,28,6,Junho,2013,Q2,H1,Sexta
20130629,2013/29/06,29,6,Junho,2013,Q2,H1,Sábado
20130630,2013/30/06,30,6,Junho,2013,Q2,H1,Domingo
20130701,2013/01/07,1,7,Julho,2013,Q3,H2,Segunda
20130702,2013/02/07,2,7,Julho,2013,Q3,H2,Terça
20130703,2013/03/07,3,7,Julho,2013,Q3,H2,Quarta
20130704,2013/04/07,4,7,Julho,2013,Q3,H2,Quinta
20130705,2013/05/07,5,7,Julho,2013,Q3,H2,Sexta
20130706,2013/06/07,6,7,Julho,2013,Q3,H2,Sábado
20130707,2013/07/07,7,7,Julho,2013,Q3,H2,Domingo
20130708,2013/08/07,8,7,Julho,2013,Q3,H2,Segunda
20130709,2013/09/07,9,7,Julho,2013,Q3,H2,Terça
20130710,2013/10/07,10,7,Julho,2013,Q3,H2,Quarta
20130711,2013/11/07,11,7,Julho,2013,Q3,H2,Quinta
20130712,2013/12/07,12,7,Julho,2013,Q3,H2,Sexta
20130713,2013/13/07,13,7,Julho,2013,Q3,H2,Sábado
20130714,2013/14/07,14,7,Julho,2013,Q3,H2,Domingo
20130715,2013/15/07,15,7,Julho,2013,Q3,H2,Segunda
20130716,2013/16/07,16,7,Julho,2013,Q3,H2,Terça
20130717,2013/17/07,17,7,Julho,2013,Q3,H2,Quarta
20130718,2013/18/07,18,7,Julho,2013,Q3,H2,Quinta
20130719,2013/19/07,19,7,Julho,2013,Q3,H2,Sexta
20130720,2013/20/07,20,7,Julho,2013,Q3,H2,Sábado
20130721,2013/21/07,21,7,Julho,2013,Q3,H2,Domingo
20130722,2013/22/07,22,7,Julho,2013,Q3,H2,Segunda
20130723,2013/23/07,23,7,Julho,2013,Q3,H2,Terça
20130724,2013/24/07,24,7,Julho,2013,Q3,H2,Quarta
20130725,2013/25/07,25,7,Julho,2013,Q3,H2,Quinta
20130726,2013/26/07,26,7,Julho,2013,Q3,H2,Sexta
20130727,2013/27/07,27,7,Julho,2013,Q3,H2,Sábado
20130728,2013/28/07,28,7,Julho,2013,Q3,H2,Domingo
20130729,2013/29/07,29,7,Julho,2013,Q3,H2,Segunda
20130730,2013/30/07,30,7,Julho,2013,Q3,H2,Terça
20130731,2013/31/07,31,7,Julho,2013,Q3,H2,Quarta
20130801,2013/01/08,1,8,Agosto,2013,Q3,H2,Quinta
20130802,2013/02/08,2,8,Agosto,2013,Q3,H2,Sexta
20130803,2013/03/08,3,8,Agosto,2013,Q3,H2,Sábado
20130804,2013/04/08,4,8,Agosto,2013,Q3,H2,Domingo
20130805,2013/05/08,5,8,Agosto,2013,Q3,H2,Segunda
20130806,2013/06/08,6,8,Agosto,2013,Q3,H2,Terça
20130807,2013/07/08,7,8,Agosto,2013,Q3,H2,Quarta
20130808,2013/08/08,8,8,Agosto,2013,Q3,H2,Quinta
20130809,2013/09/08,9,8,Agosto,2013,Q3,H2,Sexta
20130810,2013/10/08,10,8,Agosto,2013,Q3,H2,Sábado
20130811,2013/11/08,11,8,Agosto,2013,Q3,H2,Domingo
20130812,2013/12/08,12,8,Agosto,2013,Q3,H2,Segunda
20130813,2013/13/08,13,8,Agosto,2013,Q3,H2,Terça
20130814,2013/14/08,14,8,Agosto,2013,Q3,H2,Quarta
20130815,2013/15/08,15,8,Agosto,2013,Q3,H2,Quinta
20130816,2013/16/08,16,8,Agosto,2013,Q3,H2,Sexta
20130817,2013/17/08,17,8,Agosto,2013,Q3,H2,Sábado
20130818,2013/18/08,18,8,Agosto,2013,Q3,H2,Domingo
20130819,2013/19/08,19,8,Agosto,2013,Q3,H2,Segunda
20130820,2013/20/08,20,8,Agosto,2013,Q3,H2,Terça
20130821,2013/21/08,21,8,Agosto,2013,Q3,H2,Quarta
20130822,2013/22/08,22,8,Agosto,2013,Q3,H2,Quinta
20130823,2013/23/08,23,8,Agosto,2013,Q3,H2,Sexta
20130824,2013/24/08,24,8,Agosto,2013,Q3,H2,Sábado
20130825,2013/25/08,25,8,Agosto,2013,Q3,H2,Domingo
20130826,2013/26/08,26,8,Agosto,2013,Q3,H2,Segunda
20130827,2013/27/08,27,8,Agosto,2013,Q3,H2,Terça
20130828,2013/28/08,28,8,Agosto,2013,Q3,H2,Quarta
20130829,2013/29/08,29,8,Agosto,2013,Q3,H2,Quinta
20130830,2013/30/08,30,8,Agosto,2013,Q3,H2,Sexta
20130831,2013/31/08,31,8,Agosto,2013,Q3,H2,Sábado
20130901,2013/01/09,1,9,Setembro,2013,Q3,H2,Domingo
20130902,2013/02/09,2,9,Setembro,2013,Q3,H2,Segunda
20130903,2013/03/09,3,9,Setembro,2013,Q3,H2,Terça
20130904,2013/04/09,4,9,Setembro,2013,Q3,H2,Quarta
20130905,2013/05/09,5,9,Setembro,2013,Q3,H2,Quinta
20130906,2013/06/09,6,9,Setembro,2013,Q3,H2,Sexta
20130907,2013/07/09,7,9,Setembro,2013,Q3,H2,Sábado
20130908,2013/08/09,8,9,Setembro,2013,Q3,H2,Domingo
20130909,2013/09/09,9,9,Setembro,2013,Q3,H2,Segunda
20130910,2013/10/09,10,9,Setembro,2013,Q3,H2,Terça
20130911,2013/11/09,11,9,Setembro,2013,Q3,H2,Quarta
20130912,2013/12/09,12,9,Setembro,2013,Q3,H2,Quinta
20130913,2013/13/09,13,9,Setembro,2013,Q3,H2,Sexta
20130914,2013/14/09,14,9,Setembro,2013,Q3,H2,Sábado
20130915,2013/15/09,15,9,Setembro,2013,Q3,H2,Domingo
20130916,2013/16/09,16,9,Setembro,2013,Q3,H2,Segunda
20130917,2013/17/09,17,9,Setembro,2013,Q3,H2,Terça
20130918,2013/18/09,18,9,Setembro,2013,Q3,H2,Quarta
20130919,2013/19/09,19,9,Setembro,2013,Q3,H2,Quinta
20130920,2013/20/09,20,9,Setembro,2013,Q3,H2,Sexta
20130921,2013/21/09,21,9,Setembro,2013,Q3,H2,Sábado
20130922,2013/22/09,22,9,Setembro,2013,Q3,H2,Domingo
20130923,2013/23/09,23,9,Setembro,2013,Q3,H2,Segunda
20130924,2013/24/09,24,9,Setembro,2013,Q3,H2,Terça
20130925,2013/25/09,25,9,Setembro,2013,Q3,H2,Quarta
20130926,2013/26/09,26,9,Setembro,2013,Q3,H2,Quinta
20130927,2013/27/09,27,9,Setembro,2013,Q3,H2,Sexta
20130928,2013/28/09,28,9,Setembro,2013,Q3,H2,Sábado
20130929,2013/29/09,29,9,Setembro,2013,Q3,H2,Domingo
20130930,2013/30/09,30,9,Setembro,2013,Q3,H2,Segunda
20131001,2013/01/10,1,10,Outubro,2013,Q4,H2,Terça
20131002,2013/02/10,2,10,Outubro,2013,Q4,H2,Quarta
20131003,2013/03/10,3,10,Outubro,2013,Q4,H2,Quinta
20131004,2013/04/10,4,10,Outubro,2013,Q4,H2,Sexta
20131005,2013/05/10,5,10,Outubro,2013,Q4,H2,Sábado
20131006,2013/06/10,6,10,Outubro,2013,Q4,H2,Domingo
20131007,2013/07/10,7,10,Outubro,2013,Q4,H2,Segunda
20131008,2013/08/10,8,10,Outubro,2013,Q4,H2,Terça
20131009,2013/09/10,9,10,Outubro,2013,Q4,H2,Quarta
20131010,2013/10/10,10,10,Outubro,2013,Q4,H2,Quinta
20131011,2013/11/10,11,10,Outubro,2013,Q4,H2,Sexta
20131012,2013/12/10,12,10,Outubro,2013,Q4,H2,Sábado
20131013,2013/13/10,13,10,Outubro,2013,Q4,H2,Domingo
20131014,2013/14/10,14,10,Outubro,2013,Q4,H2,Segunda
20131015,2013/15/10,15,10,Outubro,2013,Q4,H2,Terça
20131016,2013/16/10,16,10,Outubro,2013,Q4,H2,Quarta
20131017,2013/17/10,17,10,Outubro,2013,Q4,H2,Quinta
20131018,2013/18/10,18,10,Outubro,2013,Q4,H2,Sexta
20131019,2013/19/10,19,10,Outubro,2013,Q4,H2,Sábado
20131020,2013/20/10,20,10,Outubro,2013,Q4,H2,Domingo
20131021,2013/21/10,21,10,Outubro,2013,Q4,H2,Segunda
20131022,2013/22/10,22,10,Outubro,2013,Q4,H2,Terça
20131023,2013/23/10,23,10,Outubro,2013,Q4,H2,Quarta
20131024,2013/24/10,24,10,Outubro,2013,Q4,H2,Quinta
20131025,2013/25/10,25,10,Outubro,2013,Q4,H2,Sexta
20131026,2013/26/10,26,10,Outubro,2013,Q4,H2,Sábado
20131027,2013/27/10,27,10,Outubro,2013,Q4,H2,Domingo
20131028,2013/28/10,28,10,Outubro,2013,Q4,H2,Segunda
20131029,2013/29/10,29,10,Outubro,2013,Q4,H2,Terça
20131030,2013/30/10,30,10,Outubro,2013,Q4,H2,Quarta
20131031,2013/31/10,31,10,Outubro,2013,Q4,H2,Quinta
20131101,2013/01/11,1,11,Novembro,2013,Q4,H2,Sexta
20131102,2013/02/11,2,11,Novembro,2013,Q4,H2,Sábado
20131103,2013/03/11,3,11,Novembro,2013,Q4,H2,Domingo
20131104,2013/04/11,4,11,Novembro,2013,Q4,H2,Segunda
20131105,2013/05/11,5,11,Novembro,2013,Q4,H2,Terça
20131106,2013/06/11,6,11,Novembro,2013,Q4,H2,Quarta
20131107,2013/07/11,7,11,Novembro,2013,Q4,H2,Quinta
20131108,2013/08/11,8,11,Novembro,2013,Q4,H2,Sexta
20131109,2013/09/11,9,11,Novembro,2013,Q4,H2,Sábado
20131110,2013/10/11,10,11,Novembro,2013,Q4,H2,Domingo
20131111,2013/11/11,11,11,Novembro,2013,Q4,H2,Segunda
20131112,2013/12/11,12,11,Novembro,2013,Q4,H2,Terça
20131113,2013/13/11,13,11,Novembro,2013,Q4,H2,Quarta
20131114,2013/14/11,14,11,Novembro,2013,Q4,H2,Quinta
20131115,2013/15/11,15,11,Novembro,2013,Q4,H2,Sexta
20131116,2013/16/11,16,11,Novembro,2013,Q4,H2,Sábado
20131117,2013/17/11,17,11,Novembro,2013,Q4,H2,Domingo
20131118,2013/18/11,18,11,Novembro,2013,Q4,H2,Segunda
20131119,2013/19/11,19,11,Novembro,2013,Q4,H2,Terça
20131120,2013/20/11,20,11,Novembro,2013,Q4,H2,Quarta
20131121,2013/21/11,21,11,Novembro,2013,Q4,H2,Quinta
20131122,2013/22/11,22,11,Novembro,2013,Q4,H2,Sexta
20131123,2013/23/11,23,11,Novembro,2013,Q4,H2,Sábado
20131124,2013/24/11,24,11,Novembro,2013,Q4,H2,Domingo
20131125,2013/25/11,25,11,Novembro,2013,Q4,H2,Segunda
20131126,2013/26/11,26,11,Novembro,2013,Q4,H2,Terça
20131127,2013/27/11,27,11,Novembro,2013,Q4,H2,Quarta
20131128,2013/28/11,28,11,Novembro,2013,Q4,H2,Quinta
20131129,2013/29/11,29,11,Novembro,2013,Q4,H2,Sexta
20131130,2013/30/11,30,11,Novembro,2013,Q4,H2,Sábado
20131201,2013/01/12,1,12,Dezembro,2013,Q4,H2,Domingo
20131202,2013/02/12,2,12,Dezembro,2013,Q4,H2,Segunda
20131203,2013/03/12,3,12,Dezembro,2013,Q4,H2,Terça
20131204,2013/04/12,4,12,Dezembro,2013,Q4,H2,Quarta
20131205,2013/05/12,5,12,Dezembro,2013,Q4,H2,Quinta
20131206,2013/06/12,6,12,Dezembro,2013,Q4,H2,Sexta
20131207,2013/07/12,7,12,Dezembro,2013,Q4,H2,Sábado
20131208,2013/08/12,8,12,Dezembro,2013,Q4,H2,Domingo
20131209,2013/09/12,9,12,Dezembro,2013,Q4,H2,Segunda
20131210,2013/10/12,10,12,Dezembro,2013,Q4,H2,Terça
20131211,2013/11/12,11,12,Dezembro,2013,Q4,H2,Quarta
20131212,2013/12/12,12,12,Dezembro,2013,Q4,H2,Quinta
20131213,2013/13/12,13,12,Dezembro,2013,Q4,H2,Sexta
20131214,2013/14/12,14,12,Dezembro,2013,Q4,H2,Sábado
20131215,2013/15/12,15,12,Dezembro,2013,Q4,H2,Domingo
20131216,2013/16/12,16,12,Dezembro,2013,Q4,H2,Segunda
20131217,2013/17/12,17,12,Dezembro,2013,Q4,H2,Terça
20131218,2013/18/12,18,12,Dezembro,2013,Q4,H2,Quarta
20131219,2013/19/12,19,12,Dezembro,2013,Q4,H2,Quinta
20131220,2013/20/12,20,12,Dezembro,2013,Q4,H2,Sexta
20131221,2013/21/12,21,12,Dezembro,2013,Q4,H2,Sábado
20131222,2013/22/12,22,12,Dezembro,2013,Q4,H2,Domingo
20131223,2013/23/12,23,12,Dezembro,2013,Q4,H2,Segunda
20131224,2013/24/12,24,12,Dezembro,2013,Q4,H2,Terça
20131225,2013/25/12,25,12,Dezembro,2013,Q4,H2,Quarta
20131226,2013/26/12,26,12,Dezembro,2013,Q4,H2,Quinta
20131227,2013/27/12,27,12,Dezembro,2013,Q4,H2,Sexta
20131228,2013/28/12,28,12,Dezembro,2013,Q4,H2,Sábado
20131229,2013/29/12,29,12,Dezembro,2013,Q4,H2,Domingo
20131230,2013/30/12,30,12,Dezembro,2013,Q4,H2,Segunda
20131231,2013/31/12,31,12,Dezembro,2013,Q4,H2,Terça
20140101,2014/01/01,1,1,Janeiro,2014,Q1,H1,Quarta
20140102,2014/02/01,2,1,Janeiro,2014,Q1,H1,Quinta
20140103,2014/03/01,3,1,Janeiro,2014,Q1,H1,Sexta
20140104,2014/04/01,4,1,Janeiro,2014,Q1,H1,Sábado
20140105,2014/05/01,5,1,Janeiro,2014,Q1,H1,Domingo
20140106,2014/06/01,6,1,Janeiro,2014,Q1,H1,Segunda
20140107,2014/07/01,7,1,Janeiro,2014,Q1,H1,Terça
20140108,2014/08/01,8,1,Janeiro,2014,Q1,H1,Quarta
20140109,2014/09/01,9,1,Janeiro,2014,Q1,H1,Quinta
20140110,2014/10/01,10,1,Janeiro,2014,Q1,H1,Sexta
20140111,2014/11/01,11,1,Janeiro,2014,Q1,H1,Sábado
20140112,2014/12/01,12,1,Janeiro,2014,Q1,H1,Domingo
20140113,2014/13/01,13,1,Janeiro,2014,Q1,H1,Segunda
20140114,2014/14/01,14,1,Janeiro,2014,Q1,H1,Terça
20140115,2014/15/01,15,1,Janeiro,2014,Q1,H1,Quarta
20140116,2014/16/01,16,1,Janeiro,2014,Q1,H1,Quinta
20140117,2014/17/01,17,1,Janeiro,2014,Q1,H1,Sexta
20140118,2014/18/01,18,1,Janeiro,2014,Q1,H1,Sábado
20140119,2014/19/01,19,1,Janeiro,2014,Q1,H1,Domingo
20140120,2014/20/01,20,1,Janeiro,2014,Q1,H1,Segunda
20140121,2014/21/01,21,1,Janeiro,2014,Q1,H1,Terça
20140122,2014/22/01,22,1,Janeiro,2014,Q1,H1,Quarta
20140123,2014/23/01,23,1,Janeiro,2014,Q1,H1,Quinta
20140124,2014/24/01,24,1,Janeiro,2014,Q1,H1,Sexta
20140125,2014/25/01,25,1,Janeiro,2014,Q1,H1,Sábado
20140126,2014/26/01,26,1,Janeiro,2014,Q1,H1,Domingo
20140127,2014/27/01,27,1,Janeiro,2014,Q1,H1,Segunda
20140128,2014/28/01,28,1,Janeiro,2014,Q1,H1,Terça
20140129,2014/29/01,29,1,Janeiro,2014,Q1,H1,Quarta
20140130,2014/30/01,30,1,Janeiro,2014,Q1,H1,Quinta
20140131,2014/31/01,31,1,Janeiro,2014,Q1,H1,Sexta
20140201,2014/01/02,1,2,Fevereiro,2014,Q1,H1,Sábado
20140202,2014/02/02,2,2,Fevereiro,2014,Q1,H1,Domingo
20140203,2014/03/02,3,2,Fevereiro,2014,Q1,H1,Segunda
20140204,2014/04/02,4,2,Fevereiro,2014,Q1,H1,Terça
20140205,2014/05/02,5,2,Fevereiro,2014,Q1,H1,Quarta
20140206,2014/06/02,6,2,Fevereiro,2014,Q1,H1,Quinta
20140207,2014/07/02,7,2,Fevereiro,2014,Q1,H1,Sexta
20140208,2014/08/02,8,2,Fevereiro,2014,Q1,H1,Sábado
20140209,2014/09/02,9,2,Fevereiro,2014,Q1,H1,Domingo
20140210,2014/10/02,10,2,Fevereiro,2014,Q1,H1,Segunda
20140211,2014/11/02,11,2,Fevereiro,2014,Q1,H1,Terça
20140212,2014/12/02,12,2,Fevereiro,2014,Q1,H1,Quarta
20140213,2014/13/02,13,2,Fevereiro,2014,Q1,H1,Quinta
20140214,2014/14/02,14,2,Fevereiro,2014,Q1,H1,Sexta
20140215,2014/15/02,15,2,Fevereiro,2014,Q1,H1,Sábado
20140216,2014/16/02,16,2,Fevereiro,2014,Q1,H1,Domingo
20140217,2014/17/02,17,2,Fevereiro,2014,Q1,H1,Segunda
20140218,2014/18/02,18,2,Fevereiro,2014,Q1,H1,Terça
20140219,2014/19/02,19,2,Fevereiro,2014,Q1,H1,Quarta
20140220,2014/20/02,20,2,Fevereiro,2014,Q1,H1,Quinta
20140221,2014/21/02,21,2,Fevereiro,2014,Q1,H1,Sexta
20140222,2014/22/02,22,2,Fevereiro,2014,Q1,H1,Sábado
20140223,2014/23/02,23,2,Fevereiro,2014,Q1,H1,Domingo
20140224,2014/24/02,24,2,Fevereiro,2014,Q1,H1,Segunda
20140225,2014/25/02,25,2,Fevereiro,2014,Q1,H1,Terça
20140226,2014/26/02,26,2,Fevereiro,2014,Q1,H1,Quarta
20140227,2014/27/02,27,2,Fevereiro,2014,Q1,H1,Quinta
20140228,2014/28/02,28,2,Fevereiro,2014,Q1,H1,Sexta
20140301,2014/01/03,1,3,Março,2014,Q1,H1,Sábado
20140302,2014/02/03,2,3,Março,2014,Q1,H1,Domingo
20140303,2014/03/03,3,3,Março,2014,Q1,H1,Segunda
20140304,2014/04/03,4,3,Março,2014,Q1,H1,Terça
20140305,2014/05/03,5,3,Março,2014,Q1,H1,Quarta
20140306,2014/06/03,6,3,Março,2014,Q1,H1,Quinta
20140307,2014/07/03,7,3,Março,2014,Q1,H1,Sexta
20140308,2014/08/03,8,3,Março,2014,Q1,H1,Sábado
20140309,2014/09/03,9,3,Março,2014,Q1,H1,Domingo
20140310,2014/10/03,10,3,Março,2014,Q1,H1,Segunda
20140311,2014/11/03,11,3,Março,2014,Q1,H1,Terça
20140312,2014/12/03,12,3,Março,2014,Q1,H1,Quarta
20140313,2014/13/03,13,3,Março,2014,Q1,H1,Quinta
20140314,2014/14/03,14,3,Março,2014,Q1,H1,Sexta
20140315,2014/15/03,15,3,Março,2014,Q1,H1,Sábado
20140316,2014/16/03,16,3,Março,2014,Q1,H1,Domingo
20140317,2014/17/03,17,3,Março,2014,Q1,H1,Segunda
20140318,2014/18/03,18,3,Março,2014,Q1,H1,Terça
20140319,2014/19/03,19,3,Março,2014,Q1,H1,Quarta
20140320,2014/20/03,20,3,Março,2014,Q1,H1,Quinta
20140321,2014/21/03,21,3,Março,2014,Q1,H1,Sexta
20140322,2014/22/03,22,3,Março,2014,Q1,H1,Sábado
20140323,2014/23/03,23,3,Março,2014,Q1,H1,Domingo
20140324,2014/24/03,24,3,Março,2014,Q1,H1,Segunda
20140325,2014/25/03,25,3,Março,2014,Q1,H1,Terça
20140326,2014/26/03,26,3,Março,2014,Q1,H1,Quarta
20140327,2014/27/03,27,3,Março,2014,Q1,H1,Quinta
20140328,2014/28/03,28,3,Março,2014,Q1,H1,Sexta
20140329,2014/29/03,29,3,Março,2014,Q1,H1,Sábado
20140330,2014/30/03,30,3,Março,2014,Q1,H1,Domingo
20140331,2014/31/03,31,3,Março,2014,Q1,H1,Segunda
20140401,2014/01/04,1,4,Abril,2014,Q2,H1,Terça
20140402,2014/02/04,2,4,Abril,2014,Q2,H1,Quarta
20140403,2014/03/04,3,4,Abril,2014,Q2,H1,Quinta
20140404,2014/04/04,4,4,Abril,2014,Q2,H1,Sexta
20140405,2014/05/04,5,4,Abril,2014,Q2,H1,Sábado
20140406,2014/06/04,6,4,Abril,2014,Q2,H1,Domingo
20140407,2014/07/04,7,4,Abril,2014,Q2,H1,Segunda
20140408,2014/08/04,8,4,Abril,2014,Q2,H1,Terça
20140409,2014/09/04,9,4,Abril,2014,Q2,H1,Quarta
20140410,2014/10/04,10,4,Abril,2014,Q2,H1,Quinta
20140411,2014/11/04,11,4,Abril,2014,Q2,H1,Sexta
20140412,2014/12/04,12,4,Abril,2014,Q2,H1,Sábado
20140413,2014/13/04,13,4,Abril,2014,Q2,H1,Domingo
20140414,2014/14/04,14,4,Abril,2014,Q2,H1,Segunda
20140415,2014/15/04,15,4,Abril,2014,Q2,H1,Terça
20140416,2014/16/04,16,4,Abril,2014,Q2,H1,Quarta
20140417,2014/17/04,17,4,Abril,2014,Q2,H1,Quinta
20140418,2014/18/04,18,4,Abril,2014,Q2,H1,Sexta
20140419,2014/19/04,19,4,Abril,2014,Q2,H1,Sábado
20140420,2014/20/04,20,4,Abril,2014,Q2,H1,Domingo
20140421,2014/21/04,21,4,Abril,2014,Q2,H1,Segunda
20140422,2014/22/04,22,4,Abril,2014,Q2,H1,Terça
20140423,2014/23/04,23,4,Abril,2014,Q2,H1,Quarta
20140424,2014/24/04,24,4,Abril,2014,Q2,H1,Quinta
20140425,2014/25/04,25,4,Abril,2014,Q2,H1,Sexta
20140426,2014/26/04,26,4,Abril,2014,Q2,H1,Sábado
20140427,2014/27/04,27,4,Abril,2014,Q2,H1,Domingo
20140428,2014/28/04,28,4,Abril,2014,Q2,H1,Segunda
20140429,2014/29/04,29,4,Abril,2014,Q2,H1,Terça
20140430,2014/30/04,30,4,Abril,2014,Q2,H1,Quarta
20140501,2014/01/05,1,5,Maio,2014,Q2,H1,Quinta
20140502,2014/02/05,2,5,Maio,2014,Q2,H1,Sexta
20140503,2014/03/05,3,5,Maio,2014,Q2,H1,Sábado
20140504,2014/04/05,4,5,Maio,2014,Q2,H1,Domingo
20140505,2014/05/05,5,5,Maio,2014,Q2,H1,Segunda
20140506,2014/06/05,6,5,Maio,2014,Q2,H1,Terça
20140507,2014/07/05,7,5,Maio,2014,Q2,H1,Quarta
20140508,2014/08/05,8,5,Maio,2014,Q2,H1,Quinta
20140509,2014/09/05,9,5,Maio,2014,Q2,H1,Sexta
20140510,2014/10/05,10,5,Maio,2014,Q2,H1,Sábado
20140511,2014/11/05,11,5,Maio,2014,Q2,H1,Domingo
20140512,2014/12/05,12,5,Maio,2014,Q2,H1,Segunda
20140513,2014/13/05,13,5,Maio,2014,Q2,H1,Terça
20140514,2014/14/05,14,5,Maio,2014,Q2,H1,Quarta
20140515,2014/15/05,15,5,Maio,2014,Q2,H1,Quinta
20140516,2014/16/05,16,5,Maio,2014,Q2,H1,Sexta
20140517,2014/17/05,17,5,Maio,2014,Q2,H1,Sábado
20140518,2014/18/05,18,5,Maio,2014,Q2,H1,Domingo
20140519,2014/19/05,19,5,Maio,2014,Q2,H1,Segunda
20140520,2014/20/05,20,5,Maio,2014,Q2,H1,Terça
20140521,2014/21/05,21,5,Maio,2014,Q2,H1,Quarta
20140522,2014/22/05,22,5,Maio,2014,Q2,H1,Quinta
20140523,2014/23/05,23,5,Maio,2014,Q2,H1,Sexta
20140524,2014/24/05,24,5,Maio,2014,Q2,H1,Sábado
20140525,2014/25/05,25,5,Maio,2014,Q2,H1,Domingo
20140526,2014/26/05,26,5,Maio,2014,Q2,H1,Segunda
20140527,2014/27/05,27,5,Maio,2014,Q2,H1,Terça
20140528,2014/28/05,28,5,Maio,2014,Q2,H1,Quarta
20140529,2014/29/05,29,5,Maio,2014,Q2,H1,Quinta
20140530,2014/30/05,30,5,Maio,2014,Q2,H1,Sexta
20140531,2014/31/05,31,5,Maio,2014,Q2,H1,Sábado
20140601,2014/01/06,1,6,Junho,2014,Q2,H1,Domingo
20140602,2014/02/06,2,6,Junho,2014,Q2,H1,Segunda
20140603,2014/03/06,3,6,Junho,2014,Q2,H1,Terça
20140604,2014/04/06,4,6,Junho,2014,Q2,H1,Quarta
20140605,2014/05/06,5,6,Junho,2014,Q2,H1,Quinta
20140606,2014/06/06,6,6,Junho,2014,Q2,H1,Sexta
20140607,2014/07/06,7,6,Junho,2014,Q2,H1,Sábado
20140608,2014/08/06,8,6,Junho,2014,Q2,H1,Domingo
20140609,2014/09/06,9,6,Junho,2014,Q2,H1,Segunda
20140610,2014/10/06,10,6,Junho,2014,Q2,H1,Terça
20140611,2014/11/06,11,6,Junho,2014,Q2,H1,Quarta
20140612,2014/12/06,12,6,Junho,2014,Q2,H1,Quinta
20140613,2014/13/06,13,6,Junho,2014,Q2,H1,Sexta
20140614,2014/14/06,14,6,Junho,2014,Q2,H1,Sábado
20140615,2014/15/06,15,6,Junho,2014,Q2,H1,Domingo
20140616,2014/16/06,16,6,Junho,2014,Q2,H1,Segunda
20140617,2014/17/06,17,6,Junho,2014,Q2,H1,Terça
20140618,2014/18/06,18,6,Junho,2014,Q2,H1,Quarta
20140619,2014/19/06,19,6,Junho,2014,Q2,H1,Quinta
20140620,2014/20/06,20,6,Junho,2014,Q2,H1,Sexta
20140621,2014/21/06,21,6,Junho,2014,Q2,H1,Sábado
20140622,2014/22/06,22,6,Junho,2014,Q2,H1,Domingo
20140623,2014/23/06,23,6,Junho,2014,Q2,H1,Segunda
20140624,2014/24/06,24,6,Junho,2014,Q2,H1,Terça
20140625,2014/25/06,25,6,Junho,2014,Q2,H1,Quarta
20140626,2014/26/06,26,6,Junho,2014,Q2,H1,Quinta
20140627,2014/27/06,27,6,Junho,2014,Q2,H1,Sexta
20140628,2014/28/06,28,6,Junho,2014,Q2,H1,Sábado
20140629,2014/29/06,29,6,Junho,2014,Q2,H1,Domingo
20140630,2014/30/06,30,6,Junho,2014,Q2,H1,Segunda
20140701,2014/01/07,1,7,Julho,2014,Q3,H2,Terça
20140702,2014/02/07,2,7,Julho,2014,Q3,H2,Quarta
20140703,2014/03/07,3,7,Julho,2014,Q3,H2,Quinta
20140704,2014/04/07,4,7,Julho,2014,Q3,H2,Sexta
20140705,2014/05/07,5,7,Julho,2014,Q3,H2,Sábado
20140706,2014/06/07,6,7,Julho,2014,Q3,H2,Domingo
20140707,2014/07/07,7,7,Julho,2014,Q3,H2,Segunda
20140708,2014/08/07,8,7,Julho,2014,Q3,H2,Terça
20140709,2014/09/07,9,7,Julho,2014,Q3,H2,Quarta
20140710,2014/10/07,10,7,Julho,2014,Q3,H2,Quinta
20140711,2014/11/07,11,7,Julho,2014,Q3,H2,Sexta
20140712,2014/12/07,12,7,Julho,2014,Q3,H2,Sábado
20140713,2014/13/07,13,7,Julho,2014,Q3,H2,Domingo
20140714,2014/14/07,14,7,Julho,2014,Q3,H2,Segunda
20140715,2014/15/07,15,7,Julho,2014,Q3,H2,Terça
20140716,2014/16/07,16,7,Julho,2014,Q3,H2,Quarta
20140717,2014/17/07,17,7,Julho,2014,Q3,H2,Quinta
20140718,2014/18/07,18,7,Julho,2014,Q3,H2,Sexta
20140719,2014/19/07,19,7,Julho,2014,Q3,H2,Sábado
20140720,2014/20/07,20,7,Julho,2014,Q3,H2,Domingo
20140721,2014/21/07,21,7,Julho,2014,Q3,H2,Segunda
20140722,2014/22/07,22,7,Julho,2014,Q3,H2,Terça
20140723,2014/23/07,23,7,Julho,2014,Q3,H2,Quarta
20140724,2014/24/07,24,7,Julho,2014,Q3,H2,Quinta
20140725,2014/25/07,25,7,Julho,2014,Q3,H2,Sexta
20140726,2014/26/07,26,7,Julho,2014,Q3,H2,Sábado
20140727,2014/27/07,27,7,Julho,2014,Q3,H2,Domingo
20140728,2014/28/07,28,7,Julho,2014,Q3,H2,Segunda
20140729,2014/29/07,29,7,Julho,2014,Q3,H2,Terça
20140730,2014/30/07,30,7,Julho,2014,Q3,H2,Quarta
20140731,2014/31/07,31,7,Julho,2014,Q3,H2,Quinta
20140801,2014/01/08,1,8,Agosto,2014,Q3,H2,Sexta
20140802,2014/02/08,2,8,Agosto,2014,Q3,H2,Sábado
20140803,2014/03/08,3,8,Agosto,2014,Q3,H2,Domingo
20140804,2014/04/08,4,8,Agosto,2014,Q3,H2,Segunda
20140805,2014/05/08,5,8,Agosto,2014,Q3,H2,Terça
20140806,2014/06/08,6,8,Agosto,2014,Q3,H2,Quarta
20140807,2014/07/08,7,8,Agosto,2014,Q3,H2,Quinta
20140808,2014/08/08,8,8,Agosto,2014,Q3,H2,Sexta
20140809,2014/09/08,9,8,Agosto,2014,Q3,H2,Sábado
20140810,2014/10/08,10,8,Agosto,2014,Q3,H2,Domingo
20140811,2014/11/08,11,8,Agosto,2014,Q3,H2,Segunda
20140812,2014/12/08,12,8,Agosto,2014,Q3,H2,Terça
20140813,2014/13/08,13,8,Agosto,2014,Q3,H2,Quarta
20140814,2014/14/08,14,8,Agosto,2014,Q3,H2,Quinta
20140815,2014/15/08,15,8,Agosto,2014,Q3,H2,Sexta
20140816,2014/16/08,16,8,Agosto,2014,Q3,H2,Sábado
20140817,2014/17/08,17,8,Agosto,2014,Q3,H2,Domingo
20140818,2014/18/08,18,8,Agosto,2014,Q3,H2,Segunda
20140819,2014/19/08,19,8,Agosto,2014,Q3,H2,Terça
20140820,2014/20/08,20,8,Agosto,2014,Q3,H2,Quarta
20140821,2014/21/08,21,8,Agosto,2014,Q3,H2,Quinta
20140822,2014/22/08,22,8,Agosto,2014,Q3,H2,Sexta
20140823,2014/23/08,23,8,Agosto,2014,Q3,H2,Sábado
20140824,2014/24/08,24,8,Agosto,2014,Q3,H2,Domingo
20140825,2014/25/08,25,8,Agosto,2014,Q3,H2,Segunda
20140826,2014/26/08,26,8,Agosto,2014,Q3,H2,Terça
20140827,2014/27/08,27,8,Agosto,2014,Q3,H2,Quarta
20140828,2014/28/08,28,8,Agosto,2014,Q3,H2,Quinta
20140829,2014/29/08,29,8,Agosto,2014,Q3,H2,Sexta
20140830,2014/30/08,30,8,Agosto,2014,Q3,H2,Sábado
20140831,2014/31/08,31,8,Agosto,2014,Q3,H2,Domingo
20140901,2014/01/09,1,9,Setembro,2014,Q3,H2,Segunda
20140902,2014/02/09,2,9,Setembro,2014,Q3,H2,Terça
20140903,2014/03/09,3,9,Setembro,2014,Q3,H2,Quarta
20140904,2014/04/09,4,9,Setembro,2014,Q3,H2,Quinta
20140905,2014/05/09,5,9,Setembro,2014,Q3,H2,Sexta
20140906,2014/06/09,6,9,Setembro,2014,Q3,H2,Sábado
20140907,2014/07/09,7,9,Setembro,2014,Q3,H2,Domingo
20140908,2014/08/09,8,9,Setembro,2014,Q3,H2,Segunda
20140909,2014/09/09,9,9,Setembro,2014,Q3,H2,Terça
20140910,2014/10/09,10,9,Setembro,2014,Q3,H2,Quarta
20140911,2014/11/09,11,9,Setembro,2014,Q3,H2,Quinta
20140912,2014/12/09,12,9,Setembro,2014,Q3,H2,Sexta
20140913,2014/13/09,13,9,Setembro,2014,Q3,H2,Sábado
20140914,2014/14/09,14,9,Setembro,2014,Q3,H2,Domingo
20140915,2014/15/09,15,9,Setembro,2014,Q3,H2,Segunda
20140916,2014/16/09,16,9,Setembro,2014,Q3,H2,Terça
20140917,2014/17/09,17,9,Setembro,2014,Q3,H2,Quarta
20140918,2014/18/09,18,9,Setembro,2014,Q3,H2,Quinta
20140919,2014/19/09,19,9,Setembro,2014,Q3,H2,Sexta
20140920,2014/20/09,20,9,Setembro,2014,Q3,H2,Sábado
20140921,2014/21/09,21,9,Setembro,2014,Q3,H2,Domingo
20140922,2014/22/09,22,9,Setembro,2014,Q3,H2,Segunda
20140923,2014/23/09,23,9,Setembro,2014,Q3,H2,Terça
20140924,2014/24/09,24,9,Setembro,2014,Q3,H2,Quarta
20140925,2014/25/09,25,9,Setembro,2014,Q3,H2,Quinta
20140926,2014/26/09,26,9,Setembro,2014,Q3,H2,Sexta
20140927,2014/27/09,27,9,Setembro,2014,Q3,H2,Sábado
20140928,2014/28/09,28,9,Setembro,2014,Q3,H2,Domingo
20140929,2014/29/09,29,9,Setembro,2014,Q3,H2,Segunda
20140930,2014/30/09,30,9,Setembro,2014,Q3,H2,Terça
20141001,2014/01/10,1,10,Outubro,2014,Q4,H2,Quarta
20141002,2014/02/10,2,10,Outubro,2014,Q4,H2,Quinta
20141003,2014/03/10,3,10,Outubro,2014,Q4,H2,Sexta
20141004,2014/04/10,4,10,Outubro,2014,Q4,H2,Sábado
20141005,2014/05/10,5,10,Outubro,2014,Q4,H2,Domingo
20141006,2014/06/10,6,10,Outubro,2014,Q4,H2,Segunda
20141007,2014/07/10,7,10,Outubro,2014,Q4,H2,Terça
20141008,2014/08/10,8,10,Outubro,2014,Q4,H2,Quarta
20141009,2014/09/10,9,10,Outubro,2014,Q4,H2,Quinta
20141010,2014/10/10,10,10,Outubro,2014,Q4,H2,Sexta
20141011,2014/11/10,11,10,Outubro,2014,Q4,H2,Sábado
20141012,2014/12/10,12,10,Outubro,2014,Q4,H2,Domingo
20141013,2014/13/10,13,10,Outubro,2014,Q4,H2,Segunda
20141014,2014/14/10,14,10,Outubro,2014,Q4,H2,Terça
20141015,2014/15/10,15,10,Outubro,2014,Q4,H2,Quarta
20141016,2014/16/10,16,10,Outubro,2014,Q4,H2,Quinta
20141017,2014/17/10,17,10,Outubro,2014,Q4,H2,Sexta
20141018,2014/18/10,18,10,Outubro,2014,Q4,H2,Sábado
20141019,2014/19/10,19,10,Outubro,2014,Q4,H2,Domingo
20141020,2014/20/10,20,10,Outubro,2014,Q4,H2,Segunda
20141021,2014/21/10,21,10,Outubro,2014,Q4,H2,Terça
20141022,2014/22/10,22,10,Outubro,2014,Q4,H2,Quarta
20141023,2014/23/10,23,10,Outubro,2014,Q4,H2,Quinta
20141024,2014/24/10,24,10,Outubro,2014,Q4,H2,Sexta
20141025,2014/25/10,25,10,Outubro,2014,Q4,H2,Sábado
20141026,2014/26/10,26,10,Outubro,2014,Q4,H2,Domingo
20141027,2014/27/10,27,10,Outubro,2014,Q4,H2,Segunda
20141028,2014/28/10,28,10,Outubro,2014,Q4,H2,Terça
20141029,2014/29/10,29,10,Outubro,2014,Q4,H2,Quarta
20141030,2014/30/10,30,10,Outubro,2014,Q4,H2,Quinta
20141031,2014/31/10,31,10,Outubro,2014,Q4,H2,Sexta
20141101,2014/01/11,1,11,Novembro,2014,Q4,H2,Sábado
20141102,2014/02/11,2,11,Novembro,2014,Q4,H2,Domingo
20141103,2014/03/11,3,11,Novembro,2014,Q4,H2,Segunda
20141104,2014/04/11,4,11,Novembro,2014,Q4,H2,Terça
20141105,2014/05/11,5,11,Novembro,2014,Q4,H2,Quarta
20141106,2014/06/11,6,11,Novembro,2014,Q4,H2,Quinta
20141107,2014/07/11,7,11,Novembro,2014,Q4,H2,Sexta
20141108,2014/08/11,8,11,Novembro,2014,Q4,H2,Sábado
20141109,2014/09/11,9,11,Novembro,2014,Q4,H2,Domingo
20141110,2014/10/11,10,11,Novembro,2014,Q4,H2,Segunda
20141111,2014/11/11,11,11,Novembro,2014,Q4,H2,Terça
20141112,2014/12/11,12,11,Novembro,2014,Q4,H2,Quarta
20141113,2014/13/11,13,11,Novembro,2014,Q4,H2,Quinta
20141114,2014/14/11,14,11,Novembro,2014,Q4,H2,Sexta
20141115,2014/15/11,15,11,Novembro,2014,Q4,H2,Sábado
20141116,2014/16/11,16,11,Novembro,2014,Q4,H2,Domingo
20141117,2014/17/11,17,11,Novembro,2014,Q4,H2,Segunda
20141118,2014/18/11,18,11,Novembro,2014,Q4,H2,Terça
20141119,2014/19/11,19,11,Novembro,2014,Q4,H2,Quarta
20141120,2014/20/11,20,11,Novembro,2014,Q4,H2,Quinta
20141121,2014/21/11,21,11,Novembro,2014,Q4,H2,Sexta
20141122,2014/22/11,22,11,Novembro,2014,Q4,H2,Sábado
20141123,2014/23/11,23,11,Novembro,2014,Q4,H2,Domingo
20141124,2014/24/11,24,11,Novembro,2014,Q4,H2,Segunda
20141125,2014/25/11,25,11,Novembro,2014,Q4,H2,Terça
20141126,2014/26/11,26,11,Novembro,2014,Q4,H2,Quarta
20141127,2014/27/11,27,11,Novembro,2014,Q4,H2,Quinta
20141128,2014/28/11,28,11,Novembro,2014,Q4,H2,Sexta
20141129,2014/29/11,29,11,Novembro,2014,Q4,H2,Sábado
20141130,2014/30/11,30,11,Novembro,2014,Q4,H2,Domingo
20141201,2014/01/12,1,12,Dezembro,2014,Q4,H2,Segunda
20141202,2014/02/12,2,12,Dezembro,2014,Q4,H2,Terça
20141203,2014/03/12,3,12,Dezembro,2014,Q4,H2,Quarta
20141204,2014/04/12,4,12,Dezembro,2014,Q4,H2,Quinta
20141205,2014/05/12,5,12,Dezembro,2014,Q4,H2,Sexta
20141206,2014/06/12,6,12,Dezembro,2014,Q4,H2,Sábado
20141207,2014/07/12,7,12,Dezembro,2014,Q4,H2,Domingo
20141208,2014/08/12,8,12,Dezembro,2014,Q4,H2,Segunda
20141209,2014/09/12,9,12,Dezembro,2014,Q4,H2,Terça
20141210,2014/10/12,10,12,Dezembro,2014,Q4,H2,Quarta
20141211,2014/11/12,11,12,Dezembro,2014,Q4,H2,Quinta
20141212,2014/12/12,12,12,Dezembro,2014,Q4,H2,Sexta
20141213,2014/13/12,13,12,Dezembro,2014,Q4,H2,Sábado
20141214,2014/14/12,14,12,Dezembro,2014,Q4,H2,Domingo
20141215,2014/15/12,15,12,Dezembro,2014,Q4,H2,Segunda
20141216,2014/16/12,16,12,Dezembro,2014,Q4,H2,Terça
20141217,2014/17/12,17,12,Dezembro,2014,Q4,H2,Quarta
20141218,2014/18/12,18,12,Dezembro,2014,Q4,H2,Quinta
20141219,2014/19/12,19,12,Dezembro,2014,Q4,H2,Sexta
20141220,2014/20/12,20,12,Dezembro,2014,Q4,H2,Sábado
20141221,2014/21/12,21,12,Dezembro,2014,Q4,H2,Domingo
20141222,2014/22/12,22,12,Dezembro,2014,Q4,H2,Segunda
20141223,2014/23/12,23,12,Dezembro,2014,Q4,H2,Terça
20141224,2014/24/12,24,12,Dezembro,2014,Q4,H2,Quarta
20141225,2014/25/12,25,12,Dezembro,2014,Q4,H2,Quinta
20141226,2014/26/12,26,12,Dezembro,2014,Q4,H2,Sexta
20141227,2014/27/12,27,12,Dezembro,2014,Q4,H2,Sábado
20141228,2014/28/12,28,12,Dezembro,2014,Q4,H2,Domingo
20141229,2014/29/12,29,12,Dezembro,2014,Q4,H2,Segunda
20141230,2014/30/12,30,12,Dezembro,2014,Q4,H2,Terça
20141231,2014/31/12,31,12,Dezembro,2014,Q4,H2,Quarta